-- phpMyAdmin SQL Dump
-- version 5.0.2
-- https://www.phpmyadmin.net/
--
-- Máy chủ: 127.0.0.1
-- Thời gian đã tạo: Th7 16, 2021 lúc 04:52 PM
-- Phiên bản máy phục vụ: 10.4.14-MariaDB
-- Phiên bản PHP: 7.4.10

SET SQL_MODE = "NO_AUTO_VALUE_ON_ZERO";
START TRANSACTION;
SET time_zone = "+00:00";


/*!40101 SET @OLD_CHARACTER_SET_CLIENT=@@CHARACTER_SET_CLIENT */;
/*!40101 SET @OLD_CHARACTER_SET_RESULTS=@@CHARACTER_SET_RESULTS */;
/*!40101 SET @OLD_COLLATION_CONNECTION=@@COLLATION_CONNECTION */;
/*!40101 SET NAMES utf8mb4 */;

--
-- Cơ sở dữ liệu: `hienmaularavel`
--

-- --------------------------------------------------------

--
-- Cấu trúc bảng cho bảng `failed_jobs`
--

CREATE TABLE `failed_jobs` (
  `id` bigint(20) UNSIGNED NOT NULL,
  `uuid` varchar(255) COLLATE utf8mb4_unicode_ci NOT NULL,
  `connection` text COLLATE utf8mb4_unicode_ci NOT NULL,
  `queue` text COLLATE utf8mb4_unicode_ci NOT NULL,
  `payload` longtext COLLATE utf8mb4_unicode_ci NOT NULL,
  `exception` longtext COLLATE utf8mb4_unicode_ci NOT NULL,
  `failed_at` timestamp NOT NULL DEFAULT current_timestamp()
) ENGINE=InnoDB DEFAULT CHARSET=utf8mb4 COLLATE=utf8mb4_unicode_ci;

-- --------------------------------------------------------

--
-- Cấu trúc bảng cho bảng `migrations`
--

CREATE TABLE `migrations` (
  `id` int(10) UNSIGNED NOT NULL,
  `migration` varchar(255) COLLATE utf8mb4_unicode_ci NOT NULL,
  `batch` int(11) NOT NULL
) ENGINE=InnoDB DEFAULT CHARSET=utf8mb4 COLLATE=utf8mb4_unicode_ci;

--
-- Đang đổ dữ liệu cho bảng `migrations`
--

INSERT INTO `migrations` (`id`, `migration`, `batch`) VALUES
(1, '2014_10_12_000000_create_users_table', 1),
(2, '2014_10_12_100000_create_password_resets_table', 1),
(3, '2019_08_19_000000_create_failed_jobs_table', 1),
(4, '2021_04_10_063418_create-tbl_admin', 1),
(5, '2021_06_02_163730_create_tbl_employee', 1),
(6, '2021_06_02_170525_create_tbl_hospital', 1);

-- --------------------------------------------------------

--
-- Cấu trúc bảng cho bảng `password_resets`
--

CREATE TABLE `password_resets` (
  `email` varchar(255) COLLATE utf8mb4_unicode_ci NOT NULL,
  `token` varchar(255) COLLATE utf8mb4_unicode_ci NOT NULL,
  `created_at` timestamp NULL DEFAULT NULL
) ENGINE=InnoDB DEFAULT CHARSET=utf8mb4 COLLATE=utf8mb4_unicode_ci;

-- --------------------------------------------------------

--
-- Cấu trúc bảng cho bảng `tbl_admin`
--

CREATE TABLE `tbl_admin` (
  `admin_id` int(10) UNSIGNED NOT NULL,
  `admin_email` varchar(100) COLLATE utf8mb4_unicode_ci NOT NULL,
  `admin_password` varchar(255) COLLATE utf8mb4_unicode_ci NOT NULL,
  `admin_name` varchar(255) COLLATE utf8mb4_unicode_ci NOT NULL,
  `admin_phone` varchar(255) COLLATE utf8mb4_unicode_ci NOT NULL,
  `created_at` timestamp NULL DEFAULT NULL,
  `updated_at` timestamp NULL DEFAULT NULL
) ENGINE=InnoDB DEFAULT CHARSET=utf8mb4 COLLATE=utf8mb4_unicode_ci;

--
-- Đang đổ dữ liệu cho bảng `tbl_admin`
--

INSERT INTO `tbl_admin` (`admin_id`, `admin_email`, `admin_password`, `admin_name`, `admin_phone`, `created_at`, `updated_at`) VALUES
(1, 'hoangminhcp10@gmail.com', 'e10adc3949ba59abbe56e057f20f883e', 'Hoàng Minh', '0941314137', NULL, NULL),
(2, 'phamduythanh@gmail.com', 'e10adc3949ba59abbe56e057f20f883e', 'Phạm Duy Thanh', '0521478963', NULL, NULL);

-- --------------------------------------------------------

--
-- Cấu trúc bảng cho bảng `tbl_blood_actual`
--

CREATE TABLE `tbl_blood_actual` (
  `blood_actual_id` int(11) NOT NULL,
  `signup_blood_id` int(11) NOT NULL,
  `blood_actual_group` varchar(50) COLLATE utf8_unicode_ci NOT NULL,
  `blood_actual_unit` varchar(255) COLLATE utf8_unicode_ci NOT NULL,
  `blood_actual_health` varchar(255) COLLATE utf8_unicode_ci NOT NULL,
  `blood_actual_situations` varchar(255) COLLATE utf8_unicode_ci DEFAULT NULL,
  `blood_actual_date` date NOT NULL
) ENGINE=InnoDB DEFAULT CHARSET=utf8 COLLATE=utf8_unicode_ci;

--
-- Đang đổ dữ liệu cho bảng `tbl_blood_actual`
--

INSERT INTO `tbl_blood_actual` (`blood_actual_id`, `signup_blood_id`, `blood_actual_group`, `blood_actual_unit`, `blood_actual_health`, `blood_actual_situations`, `blood_actual_date`) VALUES
(5, 8, 'B', '450', 'Khỏe, rất bình thường', 'Không có', '2021-01-20'),
(6, 5, 'A', '350', 'Khỏe mạnh', 'K', '2021-01-20'),
(8, 10, 'B', '350', 'Khỏe mạnh', 'k', '2021-01-20'),
(14, 16, 'B', '450', 'Khỏe mạnh', 'Không có', '2021-01-20'),
(15, 17, 'AB', '350', 'Khỏe mạnh', 'Không có', '2021-01-20'),
(16, 18, 'AB', '450', 'Khỏe mạnh', NULL, '2021-01-20'),
(17, 19, 'O', '450', 'Khỏe mạnh', NULL, '2021-01-20'),
(18, 20, 'O', '350', 'Khỏe mạnh', NULL, '2021-01-20'),
(19, 27, 'B', '350', 'Khỏe mạnh', 'Không có', '2021-01-20');

-- --------------------------------------------------------

--
-- Cấu trúc bảng cho bảng `tbl_blood_donation`
--

CREATE TABLE `tbl_blood_donation` (
  `blood_donation_id` int(11) NOT NULL,
  `hospital_id` int(11) NOT NULL,
  `blood_donation_name` varchar(255) COLLATE utf8_unicode_ci NOT NULL,
  `blood_donation_time` time(6) NOT NULL,
  `blood_donation_place` varchar(255) COLLATE utf8_unicode_ci NOT NULL,
  `blood_object` varchar(255) COLLATE utf8_unicode_ci NOT NULL,
  `blood_start_date` date NOT NULL,
  `blood_finish_date` date NOT NULL,
  `blood_note` varchar(255) COLLATE utf8_unicode_ci NOT NULL,
  `blood_status` int(11) NOT NULL
) ENGINE=InnoDB DEFAULT CHARSET=utf8 COLLATE=utf8_unicode_ci;

--
-- Đang đổ dữ liệu cho bảng `tbl_blood_donation`
--

INSERT INTO `tbl_blood_donation` (`blood_donation_id`, `hospital_id`, `blood_donation_name`, `blood_donation_time`, `blood_donation_place`, `blood_object`, `blood_start_date`, `blood_finish_date`, `blood_note`, `blood_status`) VALUES
(1, 5, 'Ngày Chủ Nhật Đỏ', '08:30:00.000000', 'Trường Đại Học Sư Phạm Kỹ Thuật Đà Nẵng', 'Sinh Viên', '2021-01-20', '2021-01-10', 'Nhớ đi', 1),
(3, 3, 'Chung 1 tấm lòng', '09:00:00.000000', 'Quảng Trường 3 tháng 2', 'Mọi người', '2021-07-27', '2021-07-20', 'Những người trên 18 tuổi', 1),
(4, 1, 'Vì 1 Trái Tim', '07:30:00.000000', 'Đại Học Sư Phạm', 'Sinh Viên', '2021-07-30', '2021-07-20', 'Không có', 1),
(5, 4, 'Một Giọt Máu Cho Đi, Một Cuộc Đời Nhận Lại', '06:30:00.000000', 'Đại Học Duy Tân', 'Sinh Viên', '2021-07-23', '2021-07-21', 'Không có', 1),
(6, 5, 'Triệu Cảm Xúc', '06:00:00.000000', 'Đại Học Sư Phạm', 'Sinh Viên', '2021-07-28', '2021-07-16', 'Không có', 1),
(7, 8, 'Tấm Lòng Vàng', '06:20:00.000000', 'Bệnh Viện C', 'Mọi người', '2021-07-30', '2021-07-20', 'Không có', 1),
(8, 1, 'Trái Tim Nhân Ái', '07:00:00.000000', 'Đại Học Sư Phạm Kỹ Thuật Đà Nẵng', 'Sinh Viên', '2021-08-01', '2021-07-30', 'Không có', 1);

-- --------------------------------------------------------

--
-- Cấu trúc bảng cho bảng `tbl_category_news`
--

CREATE TABLE `tbl_category_news` (
  `category_news_id` int(11) NOT NULL,
  `category_news_name` tinytext COLLATE utf8_unicode_ci NOT NULL,
  `category_news_slug` tinytext COLLATE utf8_unicode_ci NOT NULL,
  `category_news_des` varchar(255) COLLATE utf8_unicode_ci NOT NULL,
  `category_news_status` int(11) NOT NULL
) ENGINE=InnoDB DEFAULT CHARSET=utf8 COLLATE=utf8_unicode_ci;

--
-- Đang đổ dữ liệu cho bảng `tbl_category_news`
--

INSERT INTO `tbl_category_news` (`category_news_id`, `category_news_name`, `category_news_slug`, `category_news_des`, `category_news_status`) VALUES
(1, 'Câu Chuyện Người Bệnh', 'cau-chuyen-nguoi-benh', 'Câu chuyện người bệnh đang rất hot', 1),
(2, 'Công Tác Xã Hội', 'cong-tac-xa-hoi', 'Hoạt động công ích', 1),
(4, 'Hoạt Động - Sự Kiện', 'hoat-dong-su-kien', 'Những hoạt động công ích vô bổ', 1),
(5, 'Thông Báo', 'thong-bao', 'Thông Báo', 1),
(6, 'Covid 19', 'covid-19', 'Đại dịch toàn cầu', 1);

-- --------------------------------------------------------

--
-- Cấu trúc bảng cho bảng `tbl_employee`
--

CREATE TABLE `tbl_employee` (
  `employee_id` int(11) NOT NULL,
  `hospital_id` int(11) NOT NULL,
  `employee_name` varchar(255) COLLATE utf8mb4_unicode_ci NOT NULL,
  `employee_title` varchar(255) COLLATE utf8mb4_unicode_ci NOT NULL,
  `employee_department` varchar(255) COLLATE utf8mb4_unicode_ci NOT NULL,
  `employee_phone` varchar(50) COLLATE utf8mb4_unicode_ci NOT NULL,
  `employee_email` varchar(255) COLLATE utf8mb4_unicode_ci NOT NULL,
  `employee_status` int(11) NOT NULL,
  `created_at` timestamp NULL DEFAULT NULL,
  `updated_at` timestamp NULL DEFAULT NULL
) ENGINE=InnoDB DEFAULT CHARSET=utf8mb4 COLLATE=utf8mb4_unicode_ci;

--
-- Đang đổ dữ liệu cho bảng `tbl_employee`
--

INSERT INTO `tbl_employee` (`employee_id`, `hospital_id`, `employee_name`, `employee_title`, `employee_department`, `employee_phone`, `employee_email`, `employee_status`, `created_at`, `updated_at`) VALUES
(1, 1, 'Ngô Minh', 'Bác Sĩ', 'Khoa Ngoại', '0945782153', 'minh@gmail.com', 1, NULL, NULL),
(2, 1, 'Ngân Phạm', 'Điều Dưỡng', 'Khoa Nội', '123', 'hoangminhcp10@gmail.com', 1, NULL, NULL),
(4, 5, 'Chu Trúc Thanh', 'Y Tá', 'Khoa Ngoại', '0521413698', 'tructhanh@gmail.com', 1, NULL, NULL),
(5, 5, 'Phạm Văn Tài', 'Y Tá', 'Khoa Ngoại', '0985412369', 'phamvantai@gmail.com', 1, NULL, NULL),
(6, 2, 'Hoàng Thùy Mai', 'Bác SĨ', 'Khoa Ngoại', '0954871235', 'hoangthumai@gmail.com', 1, NULL, NULL),
(7, 3, 'Nguyễn Thị Linh', 'Y Tá', 'Khoa Nội', '0945871523', 'nguyenthilinh@gmail.com', 1, NULL, NULL),
(8, 4, 'Trịnh Tấn Hùng', 'Bác Sĩ', 'Khoa Nội', '0958416327', 'trintanhung@gmail.com', 1, NULL, NULL),
(9, 3, 'Phạm Thanh Ngân', 'Y Tá', 'Khoa Ngoại', '0954782136', 'phamthanhngan@gmail.com', 1, NULL, NULL),
(10, 8, 'Huỳnh Tấn Bảo', 'Bác Sĩ Nội Trú', 'Khoa Thần Kinh', '0954852361', 'huynhtanbao@gmail.com', 1, NULL, NULL),
(11, 8, 'Phạm Thị Nguyên', 'Y Tá', 'Khoa Ngoại', '0952417856', 'thaonguyen@gmail.com', 1, NULL, NULL);

-- --------------------------------------------------------

--
-- Cấu trúc bảng cho bảng `tbl_hospital`
--

CREATE TABLE `tbl_hospital` (
  `hospital_id` int(11) NOT NULL,
  `hospital_name` varchar(255) COLLATE utf8mb4_unicode_ci NOT NULL,
  `hospital_address` varchar(255) COLLATE utf8mb4_unicode_ci NOT NULL,
  `hospital_email` varchar(255) COLLATE utf8mb4_unicode_ci NOT NULL,
  `hospital_phone` varchar(50) COLLATE utf8mb4_unicode_ci NOT NULL,
  `hospital_status` int(11) NOT NULL,
  `created_at` timestamp NULL DEFAULT NULL,
  `updated_at` timestamp NULL DEFAULT NULL
) ENGINE=InnoDB DEFAULT CHARSET=utf8mb4 COLLATE=utf8mb4_unicode_ci;

--
-- Đang đổ dữ liệu cho bảng `tbl_hospital`
--

INSERT INTO `tbl_hospital` (`hospital_id`, `hospital_name`, `hospital_address`, `hospital_email`, `hospital_phone`, `hospital_status`, `created_at`, `updated_at`) VALUES
(1, 'Bệnh Viện Hải Châu', '45 Cao Thắng', 'bvhaichau@gmail.com', '954123', 1, NULL, NULL),
(2, 'Bệnh Viện Gia Đình', '233 Quang Trung, Hải Châu', 'bvgiadinh@gmail.com', '859632', 1, NULL, NULL),
(3, 'Bệnh Viện Đa Khoa Bình Dân', '376 Trần Cao Vân, Thanh Khê', 'bvdakhoabinhdan@gmail.com', '0236 3714 030', 1, NULL, NULL),
(4, 'Bệnh viện Y học cổ truyền Thành Phố Đà Nẵng', '9 Trần Thủ Độ, Khuê Trung, Cẩm Lệ, Đà Nẵng, Vietnam', 'yhct.danang.com', '0236 3696 027', 1, NULL, NULL),
(5, 'Bệnh Viện đa khoa Đà Nẵng', '124 Hải Phòng, Thạch Thang, Hải Châu Đà Nẵng', 'dananghospital@gmail.com', '0236 3821 118', 1, NULL, NULL),
(8, 'Bệnh viện C Đà Nẵng', '122 Hải Phòng, Thạch Thang, Hải Châu, Đà Nẵng', 'benhvienc@gmail.com', '02363.82148', 1, NULL, NULL),
(11, 'Bệnh Viện Y Dược', '34 Quang Trung, Hải Chau', 'bvtduoc@gmail.com', '0852632147', 1, NULL, NULL);

-- --------------------------------------------------------

--
-- Cấu trúc bảng cho bảng `tbl_news`
--

CREATE TABLE `tbl_news` (
  `news_id` int(11) NOT NULL,
  `category_news_id` int(11) NOT NULL,
  `news_title` tinytext COLLATE utf8_unicode_ci NOT NULL,
  `news_slug` varchar(255) COLLATE utf8_unicode_ci NOT NULL,
  `news_desc` text COLLATE utf8_unicode_ci NOT NULL,
  `news_content` text COLLATE utf8_unicode_ci NOT NULL,
  `news_meta_des` varchar(255) COLLATE utf8_unicode_ci NOT NULL,
  `news_meta_keysword` varchar(255) COLLATE utf8_unicode_ci NOT NULL,
  `news_meta_status` int(11) NOT NULL,
  `news_image` varchar(255) COLLATE utf8_unicode_ci NOT NULL,
  `news_date` date DEFAULT NULL
) ENGINE=InnoDB DEFAULT CHARSET=utf8 COLLATE=utf8_unicode_ci;

--
-- Đang đổ dữ liệu cho bảng `tbl_news`
--

INSERT INTO `tbl_news` (`news_id`, `category_news_id`, `news_title`, `news_slug`, `news_desc`, `news_content`, `news_meta_des`, `news_meta_keysword`, `news_meta_status`, `news_image`, `news_date`) VALUES
(1, 1, 'Giấc mơ có thật về ngôi nhà và những đứa trẻ của cô gái', 'giac-mo-co-that-ve-ngoi-nha-va-nhung-dua-tre-cua-co-gai', '<p>Ở tuổi 24, Vũ Thanh Ho&agrave;i* như rơi xuống đ&aacute;y s&acirc;u vực thẳm khi đối mặt với bệnh&nbsp;<a href=\"http://vienhuyethoc.vn/u-lympho-khong-hodgkin-ung-thu-hach-nguyen-nhan-trieu-chung-va-dieu-tri/\">ung thư hạch</a>. Nhưng với niềm tin v&agrave; sức sống m&atilde;nh liệt...</p>', '<p><strong>Ở tuổi 24, Vũ Thanh Ho&agrave;i* như rơi xuống đ&aacute;y s&acirc;u vực thẳm khi đối mặt với bệnh&nbsp;<a href=\"http://vienhuyethoc.vn/u-lympho-khong-hodgkin-ung-thu-hach-nguyen-nhan-trieu-chung-va-dieu-tri/\">ung thư hạch</a>. Nhưng với niềm tin v&agrave; sức sống m&atilde;nh liệt, c&ocirc; g&aacute;i ấy kh&ocirc;ng chỉ vượt qua căn bệnh m&agrave; c&ograve;n tiếp tục thực hiện những việc quan trọng của đời người, đ&oacute; l&agrave; kết h&ocirc;n v&agrave; chuẩn bị đ&oacute;n chờ một thi&ecirc;n thần nhỏ ch&agrave;o đời.</strong></p>\r\n\r\n<h3 style=\"text-align:center\"><span style=\"font-family:Comic Sans MS,cursive\"><span style=\"font-size:28px\"><span style=\"color:#2980b9\"><strong><em>&ldquo;&hellip;Chữa bệnh như đ&aacute;nh giặc, phải thật quyết t&acirc;m&rdquo;</em></strong></span></span></span></h3>\r\n\r\n<p>Năm 2018, Vũ Thanh Ho&agrave;i ph&aacute;t hiện tr&ecirc;n cổ nổi nhiều hạch, s&uacute;t c&acirc;n nhanh ch&oacute;ng. Ho&agrave;i v&agrave;o Bệnh viện Qu&acirc;n y 103 để mổ hạch v&agrave; chưa bao giờ nghĩ rằng m&igrave;nh bị ung thư. Khi phẫu thuật, b&aacute;c sĩ đ&atilde; lấy ra rất nhiều hạch, c&oacute; hạch to như quả trứng. Từ kết quả sinh thiết hạch, c&ocirc; mới biết m&igrave;nh bị bệnh u lympho (hay c&ograve;n gọi l&agrave; ung thư hạch).</p>\r\n\r\n<p>L&uacute;c n&agrave;y, Ho&agrave;i vừa mới tốt nghiệp đại học v&agrave; đi l&agrave;m được một thời gian, tương lai, hy vọng c&ograve;n rộng mở ph&iacute;a trước. Tin con g&aacute;i bị ung thư hạch như một c&uacute; sốc gi&aacute;ng xuống l&agrave;m chao đảo cả gia đ&igrave;nh c&ocirc;.</p>\r\n\r\n<p>Sau ca mổ, Ho&agrave;i chỉ c&ograve;n 35 kg. Bao nhi&ecirc;u lo lắng, sợ h&atilde;i ập tới. Nhưng kh&ocirc;ng cho ph&eacute;p m&igrave;nh ch&igrave;m đắm trong nỗi tuyệt vọng, Ho&agrave;i l&ecirc;n mạng t&igrave;m hiểu th&ocirc;ng tin về bệnh. Biết rằng u lympho tuy l&agrave; bệnh &aacute;c t&iacute;nh nhưng ti&ecirc;n lượng điều trị tốt n&ecirc;n Ho&agrave;i cố gắng hết sức ăn uống, bồi dưỡng để bắt đầu chiến đấu với căn bệnh.</p>\r\n\r\n<p>Thương bố mẹ tuổi cao, sức yếu, suốt qu&aacute; tr&igrave;nh điều trị tại Khoa Bệnh m&aacute;u tổng hợp, Viện Huyết học &ndash; Truyền m&aacute;u TW, c&ocirc; g&aacute;i mạnh mẽ, lạc quan ấy lu&ocirc;n đi viện một m&igrave;nh. Đến khi h&oacute;a trị cần c&oacute; người th&acirc;n b&ecirc;n cạnh, Ho&agrave;i xin b&aacute;c sĩ truyền h&oacute;a chất v&agrave;o những ng&agrave;y cuối tuần để anh trai v&agrave; bạn trai tranh thủ ng&agrave;y nghỉ v&agrave;o chăm s&oacute;c c&ocirc;.</p>\r\n\r\n<p style=\"text-align:center\"><img alt=\"\" height=\"667\" sizes=\"(max-width: 1000px) 100vw, 1000px\" src=\"http://vienhuyethoc.vn/wp-content/uploads/2021/06/Ung-thu-hach-BN-Hoai-1.jpg\" srcset=\"http://vienhuyethoc.vn/wp-content/uploads/2021/06/Ung-thu-hach-BN-Hoai-1.jpg 1000w, http://vienhuyethoc.vn/wp-content/uploads/2021/06/Ung-thu-hach-BN-Hoai-1-300x200.jpg 300w, http://vienhuyethoc.vn/wp-content/uploads/2021/06/Ung-thu-hach-BN-Hoai-1-768x512.jpg 768w\" width=\"1000\" /></p>\r\n\r\n<p>Đợt điều trị h&oacute;a chất đầu ti&ecirc;n, cơ thể Ho&agrave;i c&ograve;n chưa kịp hồi phục sau ca phẫu thuật. Suốt nhiều ng&agrave;y, Ho&agrave;i nằm m&ecirc; mệt kh&ocirc;ng biết g&igrave;. C&ocirc; c&ograve;n bị sốc thuốc, to&agrave;n th&acirc;n co giật, n&ocirc;n li&ecirc;n tục, đ&ocirc;i khi muốn ngồi dậy m&agrave; kh&ocirc;ng thể gượng l&ecirc;n nổi.</p>\r\n\r\n<p>Nhưng cho d&ugrave; cơ thể c&oacute; kiệt quệ th&igrave; tinh thần c&ocirc; g&aacute;i ấy vẫn ki&ecirc;n cường, mạnh mẽ. Để kh&ocirc;ng l&uacute;n s&acirc;u v&agrave;o những suy nghĩ bi quan, chỉ cần sức khỏe hồi phục một ch&uacute;t l&agrave; Ho&agrave;i lại ngồi dậy, tập thể dục nhẹ nh&agrave;ng v&agrave; đi chơi khắp c&aacute;c ph&ograve;ng bệnh. Mỗi khi ở Viện tổ chức lớp tập Yoga miễn ph&iacute; v&agrave; c&aacute;c hoạt động cho người bệnh, Ho&agrave;i đều tham gia gần như kh&ocirc;ng bỏ s&oacute;t buổi n&agrave;o.</p>\r\n\r\n<p>Trước đ&acirc;y Ho&agrave;i ăn rất &iacute;t, nhưng từ khi điều trị, c&ocirc; lu&ocirc;n cố gắng ăn bất cứ l&uacute;c n&agrave;o c&oacute; thể. Khi đau, mệt qu&aacute; kh&ocirc;ng nuốt được, Ho&agrave;i ăn đồ ăn được xay nhuyễn; Đến khi đồ xay cũng kh&ocirc;ng ăn được th&igrave; lại uống sữa, uống nước canh&hellip; Sau khi bị n&ocirc;n, c&ocirc; lại cố gắng ăn uống để b&ugrave; lại v&igrave; kh&ocirc;ng cho ph&eacute;p m&igrave;nh kiệt sức.</p>\r\n\r\n<p>Ho&agrave;i chia sẻ:&nbsp;<em>&ldquo;D&ugrave; l&agrave; bệnh nh&acirc;n, d&ugrave; đang điều trị nhưng em ho&agrave;n to&agrave;n kh&ocirc;ng c&oacute; ch&uacute;t mặc cảm &ldquo;m&igrave;nh bị ung thư&rdquo;. Cuộc sống thường ng&agrave;y của em ở Viện kh&aacute; l&agrave; &ldquo;bận rộn&rdquo; v&agrave; hầu như kh&ocirc;ng c&oacute; thời gian rảnh, tất cả khoảng thời gian đ&oacute; với em ho&agrave;n to&agrave;n c&oacute; &yacute; nghĩa. Em lu&ocirc;n suy nghĩ m&igrave;nh phải chiến đấu hết m&igrave;nh để chiến thắng bệnh tật, chữa bệnh cũng như đ&aacute;nh giặc, phải thật quyết t&acirc;m&rdquo;.</em></p>\r\n\r\n<h3 style=\"text-align:center\"><span style=\"font-family:Comic Sans MS,cursive\"><span style=\"color:#2980b9\"><span style=\"font-size:26px\"><strong><em>Thực hiện ước mơ về ng&ocirc;i nh&agrave; v&agrave; những đứa trẻ</em></strong></span></span></span></h3>\r\n\r\n<p>Sau 6 đợt điều trị h&oacute;a chất, sau những lần t&oacute;c rụng đến trơ trọi, Ho&agrave;i đ&atilde; lui bệnh v&agrave; tiếp tục đi l&agrave;m như bao người khỏe mạnh kh&aacute;c.</p>\r\n\r\n<p>Kể từ khi ph&aacute;t hiện bệnh cho đến b&acirc;y giờ, c&ocirc; vẫn lu&ocirc;n được tiếp th&ecirc;m sức mạnh bởi t&igrave;nh y&ecirc;u. Anh Trần Văn Thanh*, kh&ocirc;ng chỉ l&agrave; người y&ecirc;u, đồng nghiệp m&agrave; c&ograve;n l&agrave; người chăm s&oacute;c c&ocirc; trong những ng&agrave;y truyền h&oacute;a chất kh&oacute; khăn nhất. V&agrave; d&ugrave; c&oacute; rất nhiều lời ra tiếng v&agrave;o về bệnh t&igrave;nh của Ho&agrave;i, Thanh vẫn ki&ecirc;n định với t&igrave;nh y&ecirc;u của m&igrave;nh.</p>\r\n\r\n<p style=\"text-align:center\"><img alt=\"\" height=\"667\" sizes=\"(max-width: 1000px) 100vw, 1000px\" src=\"http://vienhuyethoc.vn/wp-content/uploads/2021/06/Ung-thu-hach-BN-Hoai.jpg\" srcset=\"http://vienhuyethoc.vn/wp-content/uploads/2021/06/Ung-thu-hach-BN-Hoai.jpg 1000w, http://vienhuyethoc.vn/wp-content/uploads/2021/06/Ung-thu-hach-BN-Hoai-300x200.jpg 300w, http://vienhuyethoc.vn/wp-content/uploads/2021/06/Ung-thu-hach-BN-Hoai-768x512.jpg 768w\" width=\"1000\" /></p>\r\n\r\n<p>Thanh t&acirc;m sự:&nbsp;<em>&ldquo;C&oacute; rất nhiều người n&oacute;i về bệnh của Ho&agrave;i, khuy&ecirc;n em n&ecirc;n dừng lại nhưng em cương quyết kh&ocirc;ng thay đổi. Em sẽ kh&ocirc;ng bao giờ từ bỏ người y&ecirc;u trong l&uacute;c kh&oacute; khăn. Thực sự em cũng c&oacute; ch&uacute;t lo lắng cho sức khỏe của c&ocirc; ấy nhưng em lu&ocirc;n x&aacute;c định y&ecirc;u l&agrave; cưới v&agrave; ch&uacute;ng em sẽ c&ugrave;ng nhau đi qua tất cả&rdquo;.</em></p>\r\n\r\n<p>Hơn 1 năm sau ng&agrave;y Ho&agrave;i ra viện, hai bạn trẻ quyết định gắn kết b&ecirc;n nhau bằng một đ&aacute;m cưới đầy ắp t&igrave;nh y&ecirc;u. V&agrave; hạnh ph&uacute;c đ&atilde; mỉm cười khi Ho&agrave;i đang mang v&agrave; sẽ sinh con trong v&agrave;i th&aacute;ng tới.</p>\r\n\r\n<p>Nếu ai đ&atilde; từng nghĩ rằng &ldquo;Ung thư l&agrave; dấu chấm hết&rdquo; th&igrave; Ho&agrave;i ch&iacute;nh l&agrave; nh&acirc;n chứng của niềm hy vọng. D&ugrave; phải đối mặt với bệnh ung thư hạch, Ho&agrave;i vẫn viết tiếp những trang đầy hy vọng của cuộc đời m&igrave;nh bằng niềm tin v&agrave; sức sống m&atilde;nh liệt. D&ugrave; c&oacute; bao thử th&aacute;ch th&igrave; đ&ocirc;i bạn trẻ vẫn nắm tay nhau vượt qua để c&ugrave;ng thực hiện ước mơ về ng&ocirc;i nh&agrave; v&agrave; những đứa trẻ.</p>\r\n\r\n<p>BS. Vũ Đức B&igrave;nh, Trưởng khoa Bệnh m&aacute;u tổng hợp, nơi Ho&agrave;i điều trị cho biết: &ldquo;<em>Niềm tin c&ugrave;ng sự nỗ lực đ&atilde; gi&uacute;p Ho&agrave;i chiến thắng bệnh tật. Với sự ph&aacute;t triển của y học, việc điều trị ung thư hạch ng&agrave;y c&agrave;ng c&oacute; nhiều tiến bộ, đem lại cuộc sống với chất lượng tốt cho người bệnh. Nhiều thể bệnh người bệnh vẫn c&oacute; thể tiếp tục học tập, l&agrave;m việc, c&oacute; người bệnh c&ograve;n kết h&ocirc;n, sinh con như bạn Vũ Thanh Ho&agrave;i, tuy nhi&ecirc;n phải c&oacute; sự theo d&otilde;i tư vấn của b&aacute;c sĩ điều trị v&agrave; b&aacute;c sĩ sản khoa. T&ocirc;i mong người bệnh d&ugrave; gặp kh&oacute; khăn như thế n&agrave;o h&atilde;y lu&ocirc;n tin tưởng v&agrave;o c&aacute;c b&aacute;c sĩ v&agrave; vững v&agrave;ng chiến đấu với bệnh tật&rdquo;.</em></p>\r\n\r\n<p style=\"text-align:center\"><img alt=\"\" height=\"667\" sizes=\"(max-width: 1000px) 100vw, 1000px\" src=\"http://vienhuyethoc.vn/wp-content/uploads/2021/06/Ung-thu-hach-BN-Hoai-2.jpg\" srcset=\"http://vienhuyethoc.vn/wp-content/uploads/2021/06/Ung-thu-hach-BN-Hoai-2.jpg 1000w, http://vienhuyethoc.vn/wp-content/uploads/2021/06/Ung-thu-hach-BN-Hoai-2-300x200.jpg 300w, http://vienhuyethoc.vn/wp-content/uploads/2021/06/Ung-thu-hach-BN-Hoai-2-768x512.jpg 768w\" width=\"1000\" /></p>\r\n\r\n<p>Với Ho&agrave;i, những ng&agrave;y nằm viện lu&ocirc;n l&agrave; những ng&agrave;y th&aacute;ng đ&aacute;ng nhớ, l&agrave; chặng đường đi từ đ&aacute;y s&acirc;u vực thẳm tới v&ugrave;ng trời b&igrave;nh y&ecirc;n. Ho&agrave;i chia sẻ:&nbsp;<em>&ldquo;Viện Huyết học &ndash; Truyền m&aacute;u TW v&agrave; Khoa Bệnh m&aacute;u tổng hợp l&agrave; ng&ocirc;i nh&agrave; thứ 2 của em. Từ cảnh vật xung quanh viện tới c&aacute;c b&aacute;c sĩ v&agrave; điều dưỡng, c&aacute;c đồng bệnh đều rất gẫn gũi v&agrave; th&acirc;n thương. Em kh&ocirc;ng cảm thấy lạc l&otilde;ng ch&uacute;t n&agrave;o, kh&ocirc;ng giống như những g&igrave; mọi người thường nghĩ về c&aacute;c bệnh viện.</em></p>\r\n\r\n<p><em>Em cảm thấy m&igrave;nh thật may mắn khi chọn đ&uacute;ng nơi đ&acirc;y để điều trị. Ở đ&acirc;y c&aacute;c b&aacute;c sĩ v&agrave; điều dưỡng rất gần gũi v&agrave; nhiệt t&igrave;nh với bệnh nh&acirc;n ch&uacute;ng em. Ch&uacute;ng em gọi họ l&agrave; anh, l&agrave; chị như những người th&acirc;n trong gia đ&igrave;nh. C&oacute; bất cứ thắc mắc hay gặp c&aacute;c phản ứng phụ trong qu&aacute; tr&igrave;nh điều trị, em đều t&igrave;m đến c&aacute;c anh chị ngay v&agrave; được hỗ trợ kịp thời. Em lu&ocirc;n nhớ v&agrave; y&ecirc;u qu&yacute; tất cả c&aacute;c b&aacute;c sĩ v&agrave; c&aacute;c anh chị điều dưỡng đ&atilde; chăm s&oacute;c cho em&rdquo;.</em></p>', 'Câu chuyện có thật về ung thư', 'ung thu, ung thư, vuot qua', 1, 'ungthu76.jpg', '2021-07-14'),
(3, 1, 'Mong ước được dự buổi họp lớp cuối cùng của chàng trai ung thư máu', 'mong-uoc-duoc-du-buoi-hop-lop-cuoi-cung-cua-chang-trai-ung-thu-mau', '<p>M&ugrave;a thi Đại học l&agrave; qu&atilde;ng thời gian đầy kỷ niệm đối với bất cứ ai đ&atilde; từng l&agrave; học sinh. M&ugrave;a thi năm nay, khi c&aacute;c bạn b&egrave; đồng...</p>', '<p>M&ugrave;a thi Đại học l&agrave; qu&atilde;ng thời gian đầy kỷ niệm đối với bất cứ ai đ&atilde; từng l&agrave; học sinh. M&ugrave;a thi năm nay, khi c&aacute;c bạn b&egrave; đồng trang lứa tất bật chuẩn bị, &ocirc;n tập để bước qua dấu mốc quan trọng đầu ti&ecirc;n trong cuộc đời th&igrave; Nguyễn Nam Hải lại chỉ c&oacute; thể ngậm ng&ugrave;i trong ph&ograve;ng bệnh, ch&uacute;c c&aacute;c bạn thi tốt qua m&agrave;n h&igrave;nh điện thoại. Hải kh&ocirc;ng thể dự thi tốt nghiệp bởi em đang mang trong m&igrave;nh căn bệnh ung thư m&aacute;u.</p>\r\n\r\n<p style=\"text-align:center\"><img alt=\"\" height=\"683\" sizes=\"(max-width: 1024px) 100vw, 1024px\" src=\"http://vienhuyethoc.vn/wp-content/uploads/2021/07/Bn-Nam-Hai-6-1024x683.jpg\" srcset=\"http://vienhuyethoc.vn/wp-content/uploads/2021/07/Bn-Nam-Hai-6-1024x683.jpg 1024w, http://vienhuyethoc.vn/wp-content/uploads/2021/07/Bn-Nam-Hai-6-300x200.jpg 300w, http://vienhuyethoc.vn/wp-content/uploads/2021/07/Bn-Nam-Hai-6-768x512.jpg 768w\" width=\"1024\" /></p>\r\n\r\n<p style=\"text-align:center\"><em>Nguyễn Nam Hải vẫn chăm chỉ &ocirc;n lại kiến thức d&ugrave; đang điều trị.</em></p>\r\n\r\n<p>Nguyễn Nam Hải (18 tuổi, Hải Ph&ograve;ng) vốn l&agrave; một cậu học sinh năng động, vui tươi với rất nhiều mơ ước. Hải th&iacute;ch chơi thể thao như đ&aacute; b&oacute;ng, tập thể h&igrave;nh,&hellip; v&agrave; đ&atilde; từng l&agrave; một ch&acirc;n s&uacute;t cừ kh&ocirc;i của đội b&oacute;ng trường THPT H&ugrave;ng Vương, th&agrave;nh phố Hải Ph&ograve;ng. Giờ đ&acirc;y khi sức khỏe đ&atilde; yếu đi nhiều, ch&agrave;ng thanh ni&ecirc;n Nguyễn Nam Hải vẫn nhớ lại những ng&agrave;y th&aacute;ng được thoải m&aacute;i chạy nhảy tr&ecirc;n s&acirc;n cỏ: &ldquo;Ng&agrave;y trước sở th&iacute;ch lớn nhất của em l&agrave; đ&aacute; b&oacute;ng, nhưng giờ bị bệnh thế n&agrave;y kh&ocirc;ng biết đến ng&agrave;y n&agrave;o em mới c&oacute; thể ra s&acirc;n 1 lần nữa&rdquo; &ndash; Nam Hải ngậm ng&ugrave;i t&acirc;m sự.</p>\r\n\r\n<p style=\"text-align:center\"><img alt=\"\" height=\"684\" sizes=\"(max-width: 1024px) 100vw, 1024px\" src=\"http://vienhuyethoc.vn/wp-content/uploads/2021/07/Bn-Nam-Hai-1-1024x684.jpg\" srcset=\"http://vienhuyethoc.vn/wp-content/uploads/2021/07/Bn-Nam-Hai-1-1024x684.jpg 1024w, http://vienhuyethoc.vn/wp-content/uploads/2021/07/Bn-Nam-Hai-1-300x200.jpg 300w, http://vienhuyethoc.vn/wp-content/uploads/2021/07/Bn-Nam-Hai-1-768x513.jpg 768w, http://vienhuyethoc.vn/wp-content/uploads/2021/07/Bn-Nam-Hai-1.jpg 1170w\" width=\"1024\" /></p>\r\n\r\n<p style=\"text-align:center\"><em>Nam Hải (cầm hoa) đ&atilde; c&oacute; những ng&agrave;y th&aacute;ng thanh xu&acirc;n rực rỡ với niềm đam m&ecirc; b&oacute;ng đ&aacute;.</em></p>\r\n\r\n<p>Biến cố xảy ra v&agrave;o một ng&agrave;y của năm 2020, khi Hải đang học lớp 11, em cảm thấy mặt c&oacute; dấu hiệu sưng to. Sau khi đi kh&aacute;m tại Bệnh viện Hữu nghị Việt &ndash; Tiệp, Hải Ph&ograve;ng, em được chuyển l&ecirc;n Viện Huyết học &ndash; Truyền m&aacute;u Trung ương để điều trị. Hải được chẩn đo&aacute;n mắc bệnh U lympho v&agrave; sau đ&oacute; đ&atilde; chuyển th&agrave;nh ung thư m&aacute;u.</p>\r\n\r\n<p>Hơn 1 năm điều trị, Nam Hải trải qua 8 lần điều trị h&oacute;a chất. Đang từ một ch&agrave;ng thanh ni&ecirc;n khỏe mạnh, nay chỉ c&oacute; thể ngồi 1 chỗ tr&ecirc;n giường, Hải c&oacute; dấu hiệu suy sụp tinh thần trầm trọng.</p>\r\n\r\n<p style=\"text-align:center\"><img alt=\"\" height=\"683\" sizes=\"(max-width: 1024px) 100vw, 1024px\" src=\"http://vienhuyethoc.vn/wp-content/uploads/2021/07/Bn-Nam-Hai-7-1024x683.jpg\" srcset=\"http://vienhuyethoc.vn/wp-content/uploads/2021/07/Bn-Nam-Hai-7-1024x683.jpg 1024w, http://vienhuyethoc.vn/wp-content/uploads/2021/07/Bn-Nam-Hai-7-300x200.jpg 300w, http://vienhuyethoc.vn/wp-content/uploads/2021/07/Bn-Nam-Hai-7-768x512.jpg 768w\" width=\"1024\" /></p>\r\n\r\n<p style=\"text-align:center\"><em>T&acirc;m trạng của Hải tốt l&ecirc;n rất nhiều sau khi được c&aacute;c b&aacute;c sĩ động vi&ecirc;n v&agrave; gặp c&aacute;c em nhỏ ở khoa Bệnh m&aacute;u trẻ em.</em></p>\r\n\r\n<p>Ở độ tuổi 18, 20, c&oacute; ch&agrave;ng trai n&agrave;o l&agrave; kh&ocirc;ng mang trong m&igrave;nh nhiều ước mơ, ho&agrave;i b&atilde;o, kh&ocirc;ng mong muốn thể hiện bản lĩnh của người đ&agrave;n &ocirc;ng? Những suy nghĩ ti&ecirc;u cực về căn bệnh c&ugrave;ng với sự mệt mỏi sau những lần truyền h&oacute;a chất khiến Nam Hải trở n&ecirc;n trầm t&iacute;nh, hay buồn b&atilde; v&agrave; đ&ocirc;i khi c&ograve;n hay c&aacute;u gắt v&ocirc; cớ. Kh&ocirc;ng buồn sao được khi em chỉ biết bất lực nằm tr&ecirc;n giường chờ người th&acirc;n chăm s&oacute;c, kh&ocirc;ng buồn sao được th&igrave; biết bao dự định tương lai của em giờ đ&acirc;y đều phải g&aacute;c lại?</p>\r\n\r\n<p>Chị Nguyễn Kim Tuyến, mẹ của Hải chia sẻ: &ldquo;C&oacute; một thời gian con bị biến chứng th&agrave;nh tiểu đường, đau đớn v&agrave; mệt mỏi v&ocirc; c&ugrave;ng, đợt ấy phải đau đến gần 1 th&aacute;ng trời. C&oacute; nhiều l&uacute;c t&ocirc;i bắt gặp Hải ngồi 1 m&igrave;nh, mắt rơm rớm, c&oacute; lẽ l&uacute;c ấy con buồn lắm, nhưng thấy mẹ lại lau vội nước mắt rồi quay đi. T&ocirc;i biết con thương mẹ phải đi theo chăm m&igrave;nh vất vả nhưng con trai m&agrave;, c&oacute; những thứ kh&ocirc;ng n&oacute;i ra lời được&rdquo;.</p>\r\n\r\n<p>Thấy con suy sụp, chị Tuyến đưa Hải xuống tầng 6, khoa Bệnh m&aacute;u trẻ em của Viện để chơi c&ugrave;ng c&aacute;c em nhỏ cũng mang bệnh ung thư m&aacute;u như m&igrave;nh. Thấy c&aacute;c em nhỏ cũng bị bệnh nhưng vẫn hồn nhi&ecirc;n vui tươi, c&ugrave;ng với sự động vi&ecirc;n tận t&igrave;nh của c&aacute;c b&aacute;c sĩ điều trị, t&acirc;m trạng của Hải cũng dần kh&aacute; hơn.</p>\r\n\r\n<p>&ldquo;Em thấy c&aacute;c b&eacute; c&ograve;n nhỏ x&iacute;u m&agrave; cũng bị bệnh như em. C&ograve;n em từ nhỏ đến giờ vẫn được sống khỏe mạnh, được đi học gần hết qu&atilde;ng đời học sinh. C&aacute;c b&eacute; c&ograve;n v&ocirc; tư như vậy, em thấy bản th&acirc;n cũng phải phấn chấn l&ecirc;n th&igrave; mới đẩy l&ugrave;i bệnh tật được.&rdquo; &ndash; Hải t&acirc;m sự.</p>\r\n\r\n<p style=\"text-align:center\"><img alt=\"\" height=\"683\" sizes=\"(max-width: 1024px) 100vw, 1024px\" src=\"http://vienhuyethoc.vn/wp-content/uploads/2021/07/Bn-Nam-Hai-5-1024x683.jpg\" srcset=\"http://vienhuyethoc.vn/wp-content/uploads/2021/07/Bn-Nam-Hai-5-1024x683.jpg 1024w, http://vienhuyethoc.vn/wp-content/uploads/2021/07/Bn-Nam-Hai-5-300x200.jpg 300w, http://vienhuyethoc.vn/wp-content/uploads/2021/07/Bn-Nam-Hai-5-768x512.jpg 768w\" width=\"1024\" /></p>\r\n\r\n<p style=\"text-align:center\"><em>Những l&uacute;c khỏe mạnh, Hải thường nhớ về trường lớp v&agrave; bạn b&egrave;.</em></p>\r\n\r\n<p>Cứ điều trị khoảng 1 th&aacute;ng ở Viện, Hải lại về nh&agrave; khoảng 2 tuần. Trở về nh&agrave;, em vẫn tiếp tục đến trường đi học c&ugrave;ng c&aacute;c bạn, d&ugrave; kiến thức l&uacute;c đ&oacute; đ&atilde; chậm hơn rất nhiều. Bố mẹ Hải lo lắng con mệt mỏi, nhưng em vẫn quyết t&acirc;m đến trường. &ldquo;Em muốn được đến trường cho đến ng&agrave;y cuối c&ugrave;ng, được gặp bạn b&egrave;, gặp thầy c&ocirc; gi&aacute;o, em cảm thấy vui hơn l&agrave; cứ ở m&atilde;i trong nh&agrave;. Nếu kh&ocirc;ng đi học, em sợ m&igrave;nh sẽ kh&ocirc;ng c&ograve;n cơ hội được ngồi trong lớp học nữa.&rdquo;</p>\r\n\r\n<p>Ng&agrave;y c&aacute;c &ldquo;sĩ tử&rdquo; cả nước rộn r&agrave;ng bước v&agrave;o kỳ thi tốt nghiệp, Nam Hải kh&ocirc;ng thể tham gia v&igrave; vẫn đang điều trị ở Viện. D&ugrave; kh&ocirc;ng n&oacute;i ra, nhưng đ&acirc;u đ&oacute; trong &aacute;nh mắt của ch&agrave;ng trai 18 tuổi vẫn lấp l&aacute;nh khao kh&aacute;t được thi Đại học, được c&ugrave;ng c&aacute;c bạn vui vẻ trao đổi về đề thi, được h&aacute;o hức so kết quả, hồi hộp chờ đợi điểm thi,&hellip; Em được trường tạo điều kiện để được tốt nghiệp, nhưng c&oacute; lẽ, kỳ thi Đại học vẫn l&agrave; một niềm tiếc nuối của cậu học sinh ấy.</p>\r\n\r\n<p style=\"text-align:center\"><img alt=\"\" height=\"683\" sizes=\"(max-width: 1024px) 100vw, 1024px\" src=\"http://vienhuyethoc.vn/wp-content/uploads/2021/07/Bn-Nam-Hai-4-1024x683.jpg\" srcset=\"http://vienhuyethoc.vn/wp-content/uploads/2021/07/Bn-Nam-Hai-4-1024x683.jpg 1024w, http://vienhuyethoc.vn/wp-content/uploads/2021/07/Bn-Nam-Hai-4-300x200.jpg 300w, http://vienhuyethoc.vn/wp-content/uploads/2021/07/Bn-Nam-Hai-4-768x512.jpg 768w\" width=\"1024\" /></p>\r\n\r\n<p style=\"text-align:center\"><em>Kh&ocirc;ng thể thi Đại học n&ecirc;n Nam Hải mong muốn được đi học nghề sửa chữa &ocirc; t&ocirc; để c&oacute; thể đi l&agrave;m phụ gi&uacute;p bố mẹ.</em></p>\r\n\r\n<p>Nh&igrave;n con trai chăm ch&uacute; đọc s&aacute;ch tại khu thư viện, chị Tuyến t&acirc;m sự: &ldquo;Hải mong muốn được về Hải Ph&ograve;ng c&ugrave;ng bạn b&egrave; dự buổi họp lớp cuối cấp, mấy ng&agrave;y n&agrave;y con đều hỏi kh&ocirc;ng biết c&oacute; được về kh&ocirc;ng. Bạn b&egrave; ở lớp cũng hỏi thăm động vi&ecirc;n con li&ecirc;n tục, chắc l&agrave; con nhớ c&aacute;c bạn nhiều lắm&hellip;&rdquo;</p>\r\n\r\n<p>Con đường ph&iacute;a trước c&ograve;n d&agrave;i, nhưng chắc chắn ch&agrave;ng trai Nguyễn Nam Hải sẽ kh&ocirc;ng từ bỏ những ho&agrave;i b&atilde;o đang ấp ủ, em vẫn đang ki&ecirc;n cường từng ng&agrave;y để c&oacute; thể chiến thắng căn bệnh, để được đi học nghề sửa chữa &ocirc; t&ocirc; v&agrave; viết tiếp giấc mơ s&acirc;n cỏ.</p>', 'Buổi họp lớp cuối cùng', 'hop lop, họp lớp cuối cùng, ung thư', 1, 'Bn-Nam-Hai-690.jpg', '2021-07-14'),
(4, 2, 'Hoạt động Công tác xã hội – Hành trình trao yêu thương', 'hoat-dong-cong-tac-xa-hoi-hanh-trinh-trao-yeu-thuong', '<p>Từ năm 2016, Thủ tướng Ch&iacute;nh phủ đ&atilde; quyết định lấy ng&agrave;y 25/3 h&agrave;ng năm l&agrave; ng&agrave;y C&ocirc;ng t&aacute;c x&atilde; hội Việt Nam nhằm t&ocirc;n vinh gi&aacute; trị cao qu&yacute;,&hellip;</p>', '<p>Từ năm 2016, Thủ tướng Ch&iacute;nh phủ đ&atilde; quyết định lấy ng&agrave;y 25/3 h&agrave;ng năm l&agrave; ng&agrave;y C&ocirc;ng t&aacute;c x&atilde; hội Việt Nam nhằm t&ocirc;n vinh gi&aacute; trị cao qu&yacute;, ghi nhận vai tr&ograve; v&agrave; đ&oacute;ng g&oacute;p của những người l&agrave;m c&ocirc;ng t&aacute;c x&atilde; hội &ndash; một c&ocirc;ng việc thầm lặng nhưng đầy t&iacute;nh nh&acirc;n văn.</p>\r\n\r\n<p style=\"text-align:center\"><img alt=\"\" height=\"683\" sizes=\"(max-width: 1024px) 100vw, 1024px\" src=\"http://vienhuyethoc.vn/wp-content/uploads/2021/03/970c8c494b11b94fe000-1024x683.jpg\" srcset=\"http://vienhuyethoc.vn/wp-content/uploads/2021/03/970c8c494b11b94fe000-1024x683.jpg 1024w, http://vienhuyethoc.vn/wp-content/uploads/2021/03/970c8c494b11b94fe000-300x200.jpg 300w, http://vienhuyethoc.vn/wp-content/uploads/2021/03/970c8c494b11b94fe000-768x512.jpg 768w\" width=\"1024\" /></p>\r\n\r\n<p>Trong bệnh viện, hoạt động C&ocirc;ng t&aacute;c x&atilde; hội đ&oacute;ng vai tr&ograve; quan trọng trong chăm s&oacute;c sức khỏe tinh thần &ndash; x&atilde; hội v&agrave; mang lại t&igrave;nh y&ecirc;u thương cho người bệnh. Tại Viện Huyết học &ndash; Truyền m&aacute;u TW, nh&acirc;n vi&ecirc;n C&ocirc;ng t&aacute;c x&atilde; hội l&agrave; những người hỗ trợ người bệnh từ những bước ch&acirc;n đầu ti&ecirc;n v&agrave;o viện, n&acirc;ng đỡ người bệnh về tinh thần, sẻ chia, quan t&acirc;m tới người bệnh từ những điều nhỏ nhất, gi&uacute;p người bệnh cảm thấy ấm &aacute;p, gần gũi hơn khi nằm viện.</p>\r\n\r\n<p>Kể từ khi th&agrave;nh lập v&agrave;o ng&agrave;y 01/10/2015, Ph&ograve;ng C&ocirc;ng t&aacute;c x&atilde; hội đ&atilde; vận động, kết nối c&aacute;c tổ chức, c&aacute; nh&acirc;n hảo t&acirc;m hỗ trợ người bệnh kinh ph&iacute; sinh hoạt v&agrave; điều trị, suất ăn từ thiện, qu&agrave; tặng với trị gi&aacute; h&agrave;ng chục tỉ đồng mỗi năm.</p>\r\n\r\n<table>\r\n	<tbody>\r\n		<tr>\r\n			<td><img alt=\"\" height=\"800\" sizes=\"(max-width: 600px) 100vw, 600px\" src=\"http://vienhuyethoc.vn/wp-content/uploads/2021/03/Tu-do-nhan-ai-3.jpg\" srcset=\"http://vienhuyethoc.vn/wp-content/uploads/2021/03/Tu-do-nhan-ai-3.jpg 600w, http://vienhuyethoc.vn/wp-content/uploads/2021/03/Tu-do-nhan-ai-3-225x300.jpg 225w\" width=\"600\" /></td>\r\n			<td><img alt=\"\" height=\"750\" sizes=\"(max-width: 1000px) 100vw, 1000px\" src=\"http://vienhuyethoc.vn/wp-content/uploads/2021/03/Tu-do-nhan-ai-2.jpg\" srcset=\"http://vienhuyethoc.vn/wp-content/uploads/2021/03/Tu-do-nhan-ai-2.jpg 1000w, http://vienhuyethoc.vn/wp-content/uploads/2021/03/Tu-do-nhan-ai-2-300x225.jpg 300w, http://vienhuyethoc.vn/wp-content/uploads/2021/03/Tu-do-nhan-ai-2-768x576.jpg 768w\" width=\"1000\" />&nbsp;<img alt=\"\" height=\"750\" sizes=\"(max-width: 1000px) 100vw, 1000px\" src=\"http://vienhuyethoc.vn/wp-content/uploads/2021/03/Tu-do-nhan-ai-1.jpg\" srcset=\"http://vienhuyethoc.vn/wp-content/uploads/2021/03/Tu-do-nhan-ai-1.jpg 1000w, http://vienhuyethoc.vn/wp-content/uploads/2021/03/Tu-do-nhan-ai-1-300x225.jpg 300w, http://vienhuyethoc.vn/wp-content/uploads/2021/03/Tu-do-nhan-ai-1-768x576.jpg 768w\" width=\"1000\" /></td>\r\n		</tr>\r\n	</tbody>\r\n</table>\r\n\r\n<p style=\"text-align:center\"><em>Tủ đồ nh&acirc;n &aacute;i với những đồ d&ugrave;ng thiết yếu d&agrave;nh cho người bệnh ngh&egrave;o&nbsp;</em></p>\r\n\r\n<p>Tr&ecirc;n h&agrave;nh tr&igrave;nh trao y&ecirc;u thương ấy, Ph&ograve;ng C&ocirc;ng t&aacute;c x&atilde; hội đặc biệt quan t&acirc;m, hỗ trợ về tinh thần, thể chất cho người bệnh, thể hiện ở c&aacute;c hoạt động: X&acirc;y dựng 6/8 tủ s&aacute;ch d&agrave;nh cho người bệnh lớn tuổi v&agrave; bệnh nhi; Tổ chức 12 chương tr&igrave;nh tọa đ&agrave;m t&acirc;m l&yacute; cho 2.200 lượt người bệnh/người nh&agrave; người bệnh; 70 sự kiện tinh thần v&agrave; sinh nhật cho 7.500 lượt người bệnh lớn tuổi v&agrave; bệnh nhi được duy tr&igrave; theo th&aacute;ng; 250 buổi tập yoga v&agrave; thiền cho 3.600 lượt người bệnh/người nh&agrave; người bệnh; 34 chương tr&igrave;nh cắt t&oacute;c v&agrave; mang &acirc;m nhạc cho 3.000 lượt người bệnh/người nh&agrave; người bệnh.</p>\r\n\r\n<p style=\"text-align:center\"><img alt=\"\" height=\"667\" sizes=\"(max-width: 1000px) 100vw, 1000px\" src=\"http://vienhuyethoc.vn/wp-content/uploads/2021/03/Lop-hoc-nhan-ai-cho-benh-nhi.jpg\" srcset=\"http://vienhuyethoc.vn/wp-content/uploads/2021/03/Lop-hoc-nhan-ai-cho-benh-nhi.jpg 1000w, http://vienhuyethoc.vn/wp-content/uploads/2021/03/Lop-hoc-nhan-ai-cho-benh-nhi-300x200.jpg 300w, http://vienhuyethoc.vn/wp-content/uploads/2021/03/Lop-hoc-nhan-ai-cho-benh-nhi-768x512.jpg 768w\" width=\"1000\" /></p>\r\n\r\n<p style=\"text-align:center\"><em>Lớp học Nh&acirc;n &aacute;i d&agrave;nh cho bệnh nhi</em></p>\r\n\r\n<table>\r\n	<tbody>\r\n		<tr>\r\n			<td><img alt=\"\" height=\"667\" sizes=\"(max-width: 1000px) 100vw, 1000px\" src=\"http://vienhuyethoc.vn/wp-content/uploads/2021/03/Thu-vien-tu-sach-cho-benh-nhan-vien-huyet-hoc-1.jpg\" srcset=\"http://vienhuyethoc.vn/wp-content/uploads/2021/03/Thu-vien-tu-sach-cho-benh-nhan-vien-huyet-hoc-1.jpg 1000w, http://vienhuyethoc.vn/wp-content/uploads/2021/03/Thu-vien-tu-sach-cho-benh-nhan-vien-huyet-hoc-1-300x200.jpg 300w, http://vienhuyethoc.vn/wp-content/uploads/2021/03/Thu-vien-tu-sach-cho-benh-nhan-vien-huyet-hoc-1-768x512.jpg 768w\" width=\"1000\" /></td>\r\n			<td><img alt=\"\" height=\"648\" sizes=\"(max-width: 1024px) 100vw, 1024px\" src=\"http://vienhuyethoc.vn/wp-content/uploads/2021/03/Tu-sach-nguoi-benh-1024x648.jpg\" srcset=\"http://vienhuyethoc.vn/wp-content/uploads/2021/03/Tu-sach-nguoi-benh-1024x648.jpg 1024w, http://vienhuyethoc.vn/wp-content/uploads/2021/03/Tu-sach-nguoi-benh-300x190.jpg 300w, http://vienhuyethoc.vn/wp-content/uploads/2021/03/Tu-sach-nguoi-benh-768x486.jpg 768w\" width=\"1024\" /></td>\r\n		</tr>\r\n	</tbody>\r\n</table>\r\n\r\n<p style=\"text-align:center\"><em>Những tủ s&aacute;ch, những g&oacute;c b&igrave;nh y&ecirc;n tại khoa điều trị</em></p>\r\n\r\n<p style=\"text-align:center\"><img alt=\"\" height=\"667\" sizes=\"(max-width: 1000px) 100vw, 1000px\" src=\"http://vienhuyethoc.vn/wp-content/uploads/2021/03/Thu-vien-tu-sach-cho-benh-nhan-vien-huyet-hoc-10.jpg\" srcset=\"http://vienhuyethoc.vn/wp-content/uploads/2021/03/Thu-vien-tu-sach-cho-benh-nhan-vien-huyet-hoc-10.jpg 1000w, http://vienhuyethoc.vn/wp-content/uploads/2021/03/Thu-vien-tu-sach-cho-benh-nhan-vien-huyet-hoc-10-300x200.jpg 300w, http://vienhuyethoc.vn/wp-content/uploads/2021/03/Thu-vien-tu-sach-cho-benh-nhan-vien-huyet-hoc-10-768x512.jpg 768w\" width=\"1000\" /></p>\r\n\r\n<p style=\"text-align:center\"><em>Ph&ograve;ng ti&ecirc;m tủy được trang tr&iacute; sinh động gi&uacute;p bệnh nhi vơi bớt đi nỗi sợ</em></p>\r\n\r\n<table>\r\n	<tbody>\r\n		<tr>\r\n			<td><img alt=\"\" height=\"667\" sizes=\"(max-width: 1000px) 100vw, 1000px\" src=\"http://vienhuyethoc.vn/wp-content/uploads/2021/03/Sinh-nhat-benh-nhan-vien-Huyet-hoc-15.jpg\" srcset=\"http://vienhuyethoc.vn/wp-content/uploads/2021/03/Sinh-nhat-benh-nhan-vien-Huyet-hoc-15.jpg 1000w, http://vienhuyethoc.vn/wp-content/uploads/2021/03/Sinh-nhat-benh-nhan-vien-Huyet-hoc-15-300x200.jpg 300w, http://vienhuyethoc.vn/wp-content/uploads/2021/03/Sinh-nhat-benh-nhan-vien-Huyet-hoc-15-768x512.jpg 768w\" width=\"1000\" /></td>\r\n			<td><img alt=\"\" height=\"667\" sizes=\"(max-width: 1000px) 100vw, 1000px\" src=\"http://vienhuyethoc.vn/wp-content/uploads/2021/03/Sinh-nhat-benh-nhan-vien-Huyet-hoc-14.jpg\" srcset=\"http://vienhuyethoc.vn/wp-content/uploads/2021/03/Sinh-nhat-benh-nhan-vien-Huyet-hoc-14.jpg 1000w, http://vienhuyethoc.vn/wp-content/uploads/2021/03/Sinh-nhat-benh-nhan-vien-Huyet-hoc-14-300x200.jpg 300w, http://vienhuyethoc.vn/wp-content/uploads/2021/03/Sinh-nhat-benh-nhan-vien-Huyet-hoc-14-768x512.jpg 768w\" width=\"1000\" /></td>\r\n		</tr>\r\n	</tbody>\r\n</table>\r\n\r\n<p style=\"text-align:center\"><em>Những chương tr&igrave;nh sinh nhật đầy ắp tiếng cười được tổ chức h&agrave;ng th&aacute;ng</em></p>\r\n\r\n<p>Về hỗ trợ trang thiết bị, vật chất, trong 5 năm đ&atilde; c&oacute; 40 chuyến xe đưa 850 người bệnh/người nh&agrave; người bệnh c&oacute; ho&agrave;n cảnh kh&oacute; khăn về qu&ecirc; đ&oacute;n Tết; 52 chuyến xe nh&acirc;n &aacute;i đưa người bệnh l&uacute;c nguy cấp trở về nh&agrave;; 02 ph&ograve;ng bệnh v&agrave; ph&ograve;ng đa năng d&agrave;nh cho bệnh nhi được cải tạo, chỉnh trang; Tặng 17 xe lăn v&agrave; 10 tivi tại c&aacute;c khoa điều trị; 1.743 bộ s&aacute;ch, 900 quyển vở, 639 balo; 200 hộp b&uacute;t trao tặng v&agrave;o mỗi đầu năm học mới cho c&aacute;c bệnh nhi.</p>\r\n\r\n<p>B&ecirc;n cạnh đ&oacute;, Ph&ograve;ng C&ocirc;ng t&aacute;c x&atilde; hội c&ograve;n tổ chức c&aacute;c hoạt động truyền th&ocirc;ng n&acirc;ng cao nhận thức, hỗ trợ sinh kế cho người bệnh, với 90 buổi tư vấn c&ocirc;ng t&aacute;c x&atilde; hội v&agrave; dinh dưỡng cho 4.000 lượt người bệnh; 20 buổi học th&ecirc;u v&agrave; l&agrave;m tranh giấy xoắn.</p>', 'Công tác xã hội', 'Công tác xã hội', 1, 'Chuc-mung-ngay-Cong-tac-xa-hoi46.jpg', '2021-07-14'),
(5, 1, 'Máu hiến tặng có đến được với người nghèo? – Câu chuyện số 1', 'mau-hien-tang-co-den-duoc-voi-nguoi-ngheo-cau-chuyen-so-1', '<p>&nbsp;&ldquo;M&aacute;u hiến tặng c&oacute; đến được với người ngh&egrave;o?&rdquo; &ndash; Đ&oacute; l&agrave; c&acirc;u hỏi, l&agrave; nỗi ho&agrave;i nghi m&agrave; bạn c&oacute; thể bắt gặp ở đ&acirc;u đ&oacute;. C&ograve;n ở Viện&hellip;</p>', '<p style=\"text-align:center\"><img alt=\"\" height=\"614\" sizes=\"(max-width: 1000px) 100vw, 1000px\" src=\"http://vienhuyethoc.vn/wp-content/uploads/2021/07/Mau-hien-tang-co-den-voi-nguoi-ngheo-4.jpg\" srcset=\"http://vienhuyethoc.vn/wp-content/uploads/2021/07/Mau-hien-tang-co-den-voi-nguoi-ngheo-4.jpg 1000w, http://vienhuyethoc.vn/wp-content/uploads/2021/07/Mau-hien-tang-co-den-voi-nguoi-ngheo-4-300x184.jpg 300w, http://vienhuyethoc.vn/wp-content/uploads/2021/07/Mau-hien-tang-co-den-voi-nguoi-ngheo-4-768x472.jpg 768w\" width=\"1000\" /></p>\r\n\r\n<p>&nbsp;<strong>&ldquo;M&aacute;u hiến tặng c&oacute; đến được với người ngh&egrave;o?&rdquo; &ndash; Đ&oacute; l&agrave; c&acirc;u hỏi, l&agrave; nỗi ho&agrave;i nghi m&agrave; bạn c&oacute; thể bắt gặp ở đ&acirc;u đ&oacute;. C&ograve;n ở Viện Huyết học &ndash; Truyền m&aacute;u TW, nơi phần lớn người bệnh phải điều trị l&acirc;u d&agrave;i, thậm ch&iacute; l&agrave; suốt đời, bạn c&oacute; thể dễ d&agrave;ng chứng kiến h&agrave;ng trăm, h&agrave;ng ng&agrave;n c&acirc;u chuyện cảm động về những người bệnh ở trong ho&agrave;n cảnh rất kh&oacute; khăn đang gi&agrave;nh lại sự sống nhờ nguồn m&aacute;u hiến của cộng đồng.</strong></p>\r\n\r\n<p>Mời c&aacute;c bạn theo d&otilde;i những c&acirc;u chuyện ấy qua loạt b&agrave;i &ldquo;M&aacute;u hiến tặng c&oacute; đến được với người ngh&egrave;o?&rdquo;. Bạn đừng băn khoăn &ldquo;M&aacute;u hiến tặng c&oacute; đến được với người ngh&egrave;o&rdquo;, bởi mỗi đơn vị m&aacute;u hiến tặng l&agrave; một nghĩa cử cao đẹp sẽ thực hiện đ&uacute;ng sứ mệnh thi&ecirc;ng li&ecirc;ng của m&igrave;nh l&agrave; đem hy vọng đến cho người bệnh.</p>\r\n\r\n<h1 style=\"text-align:center\"><span style=\"font-size:28px\"><span style=\"font-family:Comic Sans MS,cursive\"><span style=\"color:#2980b9\"><strong>C&acirc;u chuyện số 1:</strong></span></span></span></h1>\r\n\r\n<h1 style=\"text-align:center\"><span style=\"font-size:28px\"><span style=\"font-family:Comic Sans MS,cursive\"><span style=\"color:#2980b9\"><strong>H&agrave;nh tr&igrave;nh gi&agrave;nh lại con của người mẹ đơn th&acirc;n</strong></span></span></span></h1>\r\n\r\n<p>&nbsp;</p>\r\n\r\n<p>Suốt 8 năm qua, chị B&ugrave;i Thị Khuy&ecirc;n một m&igrave;nh đằng đẵng đưa con đi viện. L&ograve;ng chị quặn đau mỗi khi nh&igrave;n c&ocirc; con g&aacute;i nhỏ chảy m&aacute;u kh&ocirc;ng ngừng, khu&ocirc;n mặt t&aacute;i nhợt đi v&igrave; mất m&aacute;u. Chị chỉ y&ecirc;n l&ograve;ng khi c&ocirc; điều dưỡng mang những bịch chế phẩm m&aacute;u v&agrave;o buồng bệnh. Nh&igrave;n từng giọt, từng giọt tiểu cầu v&agrave; m&aacute;u nhỏ xuống, truyền v&agrave;o cơ thể con, chị Khuy&ecirc;n cảm thấy như sức sống cũng dần trở lại với con.</p>\r\n\r\n<p>Ch&aacute;u B&ugrave;i Th&uacute;y Văn l&agrave; lẽ sống, l&agrave; niềm hy vọng duy nhất của chị Khuy&ecirc;n. Vợ chồng chị chia tay từ khi c&ocirc; b&eacute; Th&uacute;y Văn mới được 2 tuổi. Đến nay đ&atilde; bước sang tuổi 13, Th&uacute;y Văn vẫn chưa từng được gặp cha. Chị Khuy&ecirc;n đưa c&ocirc; con g&aacute;i nhỏ về nh&agrave; ngoại, nhưng bố mẹ chị cũng đ&atilde; gi&agrave; yếu rồi lần lượt qua đời. L&agrave; người d&acirc;n tộc Mường, sinh sống ở một x&atilde; miền n&uacute;i (x&atilde; C&uacute;c Phương, huyện Nho Quan, Ninh B&igrave;nh) hai mẹ con chị chỉ biết tr&ocirc;ng chờ v&agrave;o mảnh ruộng trồng ng&ocirc;, khoai, sắn.</p>\r\n\r\n<p>Tuy thiếu vắng t&igrave;nh y&ecirc;u thương, chăm s&oacute;c của cha nhưng c&ocirc; b&eacute; Th&uacute;y Văn vẫn lớn l&ecirc;n với nụ cười lu&ocirc;n rạng rỡ tr&ecirc;n m&ocirc;i, lu&ocirc;n đem đến niềm vui, nguồn động vi&ecirc;n cho mẹ. Cuộc sống đơn sơ m&agrave; ấm &aacute;p của 2 mẹ con tưởng như cứ thế tr&ocirc;i đi. Nhưng đến một ng&agrave;y, c&ocirc; con g&aacute;i nhỏ li&ecirc;n tục bị những vết th&acirc;m t&iacute;m, chảy m&aacute;u ch&acirc;n răng m&atilde;i kh&ocirc;ng cầm. Chị lại tất tả ngược xu&ocirc;i, hết l&ecirc;n nh&agrave; b&aacute;c, lại xuống nh&agrave; cậu vay tiền đưa con đi kh&aacute;m.</p>\r\n\r\n<p style=\"text-align:center\"><img alt=\"\" height=\"667\" sizes=\"(max-width: 1000px) 100vw, 1000px\" src=\"http://vienhuyethoc.vn/wp-content/uploads/2021/07/Mau-hien-tang-co-den-voi-nguoi-ngheo-Vien-huyet-hoc-2.jpg\" srcset=\"http://vienhuyethoc.vn/wp-content/uploads/2021/07/Mau-hien-tang-co-den-voi-nguoi-ngheo-Vien-huyet-hoc-2.jpg 1000w, http://vienhuyethoc.vn/wp-content/uploads/2021/07/Mau-hien-tang-co-den-voi-nguoi-ngheo-Vien-huyet-hoc-2-300x200.jpg 300w, http://vienhuyethoc.vn/wp-content/uploads/2021/07/Mau-hien-tang-co-den-voi-nguoi-ngheo-Vien-huyet-hoc-2-768x512.jpg 768w\" width=\"1000\" /></p>\r\n\r\n<p>V&agrave;o bệnh viện huyện, b&aacute;c sĩ ti&ecirc;m truyền cho con, nhưng được v&agrave;i ng&agrave;y, to&agrave;n th&acirc;n con ph&ugrave; nề, nằm li b&igrave;, m&ecirc; man suốt cả ng&agrave;y. Chị Khuy&ecirc;n cảm thấy trời đất như sụp xuống, chị theo xe cấp cứu đưa con l&ecirc;n H&agrave; Nội mới biết con bị bệnh xuất huyết giảm tiểu cầu.</p>\r\n\r\n<p>Chị lu&ocirc;n hy vọng con nằm viện v&agrave;i tuần rồi sẽ khỏi, n&agrave;o ngờ từ đ&oacute; cuộc sống của con gần như gắn liền với bệnh viện. Chị Khuy&ecirc;n đ&atilde; từng suy sụp, đ&atilde; từng nghĩ kh&ocirc;ng c&ograve;n hy vọng g&igrave; nữa v&igrave; ho&agrave;n cảnh n&ocirc;ng th&ocirc;n &ldquo;một năm đi l&agrave;m kh&ocirc;ng bằng một th&aacute;ng đi viện&rdquo;, l&agrave;m sao chị c&oacute; đủ tiền chạy chữa cho con. Nhưng từ khi điều trị tại Viện Huyết học &ndash; Truyền m&aacute;u TW, với sự hỗ trợ của Ph&ograve;ng C&ocirc;ng t&aacute;c x&atilde; hội v&agrave; c&aacute;c nh&agrave; hảo t&acirc;m, con thường xuy&ecirc;n được nhận suất ăn từ thiện v&agrave; kinh ph&iacute; đi viện để được điều trị đều đặn.</p>\r\n\r\n<p>V&agrave; đặc biệt l&agrave; nhờ c&oacute; c&aacute;c b&aacute;c sĩ, nhờ tấm l&ograve;ng của những người hiến m&aacute;u m&agrave; con đ&atilde; vượt qua những đợt nằm viện suốt 1 th&aacute;ng trời, ng&agrave;y n&agrave;o cũng phải truyền tiểu cầu, khi mất m&aacute;u qu&aacute; nhiều lại phải truyền m&aacute;u; Vượt qua cả những lần tiểu cầu chỉ c&ograve;n c&oacute; 4-5 g/l, mẹ chỉ biết ngồi b&ecirc;n con, nắm chặt tay con chờ đợi từng bịch tiểu cầu v&agrave; cầu trời, khấn Phật để nỗi &aacute;m ảnh &ldquo;xuất huyết n&atilde;o&rdquo; đừng xảy ra với con của chị.</p>\r\n\r\n<p style=\"text-align:center\"><img alt=\"\" height=\"562\" sizes=\"(max-width: 1000px) 100vw, 1000px\" src=\"http://vienhuyethoc.vn/wp-content/uploads/2021/07/Mau-hien-tang-co-den-voi-nguoi-ngheo-3.jpg\" srcset=\"http://vienhuyethoc.vn/wp-content/uploads/2021/07/Mau-hien-tang-co-den-voi-nguoi-ngheo-3.jpg 1000w, http://vienhuyethoc.vn/wp-content/uploads/2021/07/Mau-hien-tang-co-den-voi-nguoi-ngheo-3-300x169.jpg 300w, http://vienhuyethoc.vn/wp-content/uploads/2021/07/Mau-hien-tang-co-den-voi-nguoi-ngheo-3-768x432.jpg 768w\" width=\"1000\" /></p>', 'xuất huyết giảm tiểu cầu', 'xuất huyết giảm tiểu cầu', 1, 'Mau-hien-tang-co-den-voi-nguoi-ngheo-499.jpg', '2021-07-15'),
(6, 1, 'Cậu bé mồ côi mẹ chiến đấu với bệnh ung thư máu', 'cau-be-mo-coi-me-chien-dau-voi-benh-ung-thu-mau', '<p>Dương Anh Văn, 14 tuổi, nằm tr&ecirc;n giường bệnh khi truyền h&oacute;a chất lần 4. Em sốt, n&ocirc;n, kh&ocirc;ng ăn uống được nhưng kh&ocirc;ng c&ograve;n sợ h&atilde;i. Văn đang điều&hellip;</p>', '<p>Dương Anh Văn, 14 tuổi, nằm tr&ecirc;n giường bệnh khi truyền h&oacute;a chất lần 4. Em sốt, n&ocirc;n, kh&ocirc;ng ăn uống được nhưng kh&ocirc;ng c&ograve;n sợ h&atilde;i. Văn đang điều trị căn bệnh ung thư m&aacute;u tại Khoa Bệnh m&aacute;u trẻ em, Viện Huyết học &ndash; Truyền m&aacute;u Trung ương. Ph&ograve;ng bệnh của Văn c&oacute; 14 em nhỏ kh&aacute;c đang điều trị, c&ugrave;ng người nh&agrave; chăm nom, n&ecirc;n l&uacute;c n&agrave;o cũng nhộn nhịp.</p>\r\n\r\n<p>Cậu b&eacute; nằm im một chỗ, cơ thể mệt mỏi, sốt, buồn n&ocirc;n do điều trị h&oacute;a chất. Những l&uacute;c đỡ hơn, em quay sang tr&ograve; chuyện với c&aacute;c bạn b&ecirc;n cạnh, hoặc nghịch chiếc điện thoại của người bố đưa.</p>\r\n\r\n<p>Bố em, anh Dương B&aacute; Tuấn, suốt 7 th&aacute;ng nay nghỉ việc đồng &aacute;ng ở qu&ecirc; Thường T&iacute;n, một m&igrave;nh chăm Văn. Mẹ Văn mất khi em c&ograve;n nhỏ. Thu nhập &iacute;t ỏi 300.000 đồng mỗi th&aacute;ng trước đ&acirc;y từ việc l&agrave;m ruộng thu&ecirc; giờ kh&ocirc;ng c&ograve;n khiến gia đ&igrave;nh c&agrave;ng khốn đốn. Song, anh Tuấn vẫn cố gắng chạy vạy khắp nơi để chữa trị cho con.</p>\r\n\r\n<p>Đ&acirc;y l&agrave; đợt truyền m&aacute;u v&agrave; h&oacute;a chất thứ 4 của Văn. Theo ph&aacute;c đồ, cậu b&eacute; phải truyền 5 đợt, mỗi đợt một th&aacute;ng, sau đ&oacute; về nh&agrave; nghỉ 20 ng&agrave;y. Nếu đ&aacute;p ứng tốt, hết 5 đợt em sẽ được xuất viện, h&agrave;ng th&aacute;ng kh&aacute;m định kỳ, khi n&agrave;o bệnh t&aacute;i ph&aacute;t, c&aacute;c b&aacute;c sĩ sẽ l&ecirc;n ph&aacute;c đồ tiếp tục điều trị. Đ&acirc;y l&agrave; căn bệnh em sẽ phải điều trị suốt đời.</p>\r\n\r\n<p style=\"text-align:center\"><img alt=\"Cau be mo coi me chien dau voi ung thu mau \" height=\"750\" sizes=\"(max-width: 1000px) 100vw, 1000px\" src=\"http://vienhuyethoc.vn/wp-content/uploads/2021/06/Duong-anh-van-ung-thu-mau-vien-huyet-hoc.jpg\" srcset=\"http://vienhuyethoc.vn/wp-content/uploads/2021/06/Duong-anh-van-ung-thu-mau-vien-huyet-hoc.jpg 1000w, http://vienhuyethoc.vn/wp-content/uploads/2021/06/Duong-anh-van-ung-thu-mau-vien-huyet-hoc-300x225.jpg 300w, http://vienhuyethoc.vn/wp-content/uploads/2021/06/Duong-anh-van-ung-thu-mau-vien-huyet-hoc-768x576.jpg 768w\" title=\"Cau be mo coi me chien dau voi ung thu mau \" width=\"1000\" /></p>\r\n\r\n<p style=\"text-align:center\"><em>Mồ c&ocirc;i mẹ từ khi c&ograve;n nhỏ, giờ đ&acirc;y Dương Anh Văn lại phải chống chọi với bệnh ung thư m&aacute;u</em></p>\r\n\r\n<p>B&aacute;c sĩ Trần Thanh T&ugrave;ng, người điều trị trực tiếp cho Văn, bước v&agrave;o ph&ograve;ng bệnh. Thấy b&aacute;c sĩ, Văn mắt s&aacute;ng l&ecirc;n. Văn đ&atilde; quen với b&aacute;c sĩ T&ugrave;ng, kh&ocirc;ng c&ograve;n sợ sệt. Sau khi hỏi thăm bệnh t&igrave;nh, b&aacute;c sĩ tr&ecirc;u đ&ugrave;a v&agrave;i ba c&acirc;u, cậu b&eacute; cười kh&uacute;c kh&iacute;ch, qu&ecirc;n đi cảm gi&aacute;c đau đớn mệt mỏi.</p>\r\n\r\n<p>Cậu b&eacute; ngoan v&agrave; rất hiểu chuyện. &ldquo;Ch&aacute;u mệt nhưng kh&ocirc;ng c&ograve;n sợ truyền h&oacute;a chất như những lần đầu nữa. Ch&aacute;u biết phải truyền như vậy mới nhanh khỏe để được về nh&agrave;, bố ch&aacute;u cũng bớt g&aacute;nh nặng&rdquo;, Văn n&oacute;i.</p>\r\n\r\n<p>Dương Anh Văn ph&aacute;t hiện bệnh v&agrave;o th&aacute;ng 11/2020, trước đ&oacute;, sức khỏe em ho&agrave;n to&agrave;n b&igrave;nh thường. Người bố kể, một tuần liền thấy con k&ecirc;u mệt nhưng anh Tuấn bận đi l&agrave;m n&ecirc;n kh&ocirc;ng để &yacute;. &ldquo;C&oacute; lần, con bảo mệt kh&ocirc;ng đi nổi, kh&ocirc;ng leo nổi cầu thang, bạn c&ugrave;ng lớp phải c&otilde;ng, l&uacute;c đấy t&ocirc;i mới bắt đầu lo&rdquo;, anh Tuấn n&oacute;i.</p>\r\n\r\n<p>Con qu&aacute; yếu, k&egrave;m theo biểu hiện đau đầu, ch&aacute;n ăn, s&uacute;t c&acirc;n, anh Tuấn vội bắt xe đưa con đến Bệnh viện Nhi Trung ương kh&aacute;m. Kết quả x&eacute;t nghiệm m&aacute;u ph&aacute;t hiện b&eacute; bị bạch cầu tủy, một dạng ung thư m&aacute;u. Anh Tuấn như ng&atilde; khụy, song vẫn cố vững v&agrave;ng lo toan, kh&ocirc;ng n&oacute;i cho con biết bệnh t&igrave;nh v&igrave; sợ ch&aacute;u suy sụp. Văn được chuyển đến Viện Huyết học v&agrave; Truyền m&aacute;u Trung ương điều trị.</p>\r\n\r\n<p>Cậu b&eacute; nghỉ học từ đ&oacute;. Ngo&agrave;i Văn, anh Tuấn c&ograve;n một b&eacute; trai lớn 17 tuổi đang đi học. Anh bộc bạch: &ldquo;T&ocirc;i phải vay mượn chắt b&oacute;p từng đồng, nhưng quyết t&acirc;m chữa trị cho con, miễn sao con khỏe mạnh&rdquo;.</p>\r\n\r\n<p>Đợt đầu ti&ecirc;n điều trị h&oacute;a chất, Văn kh&oacute; chịu trong người, n&ocirc;n, đau xương v&agrave; kh&ocirc;ng thể đi lại. V&igrave; c&ograve;n nhỏ n&ecirc;n em chưa hiểu mấy về căn bệnh. Về sau, bạn b&egrave; họ h&agrave;ng đến thăm, Văn dần dần biết v&agrave; hiểu về bệnh t&igrave;nh của m&igrave;nh. Cậu b&eacute; chia sẻ: &ldquo;Thời gian đầu ch&aacute;u c&oacute; buồn v&agrave; hơi lo sợ&rdquo;. Song, t&iacute;nh t&igrave;nh em &iacute;t n&oacute;i lại l&agrave; con trai n&ecirc;n Văn kh&ocirc;ng biểu lộ cảm x&uacute;c ra b&ecirc;n ngo&agrave;i. Người bố thấy vậy cũng chỉ biết động vi&ecirc;n con.</p>\r\n\r\n<p>&ldquo;T&ocirc;i biết điều trị l&agrave;m ch&aacute;u sợ h&atilde;i nhưng ch&aacute;u kh&ocirc;ng bao giờ thể hiện ra trước mặt mọi người. T&ocirc;i c&agrave;ng thương con hơn&rdquo;, anh Tuấn n&oacute;i.</p>\r\n\r\n<p>Văn ngoan ngo&atilde;n nghe lời v&agrave; chuy&ecirc;n t&acirc;m điều trị. Ban đầu, khi thấy bệnh viện, b&aacute;c sĩ, những mũi kim truyền h&oacute;a chất v&agrave; m&aacute;u, Văn thu m&igrave;nh lại, sợ sệt, kh&ocirc;ng giao tiếp với ai. Những l&uacute;c đau qu&aacute; em kh&oacute;c, chỉ muốn về nh&agrave; nhưng kh&ocirc;ng một lần k&ecirc;u than với bố. Thỉnh thoảng, cậu b&eacute; lại hỏi bố về t&igrave;nh h&igrave;nh ở nh&agrave;, ruộng vườn ra sao.</p>\r\n\r\n<p>Qua từng đợt truyền, sức khỏe Văn dần cải thiện dần. Khi buồn, em lại quay sang tr&ograve; chuyện tr&ecirc;u đ&ugrave;a c&aacute;c bạn nhỏ c&ugrave;ng ph&ograve;ng bệnh, nhờ đ&oacute; tinh thần cũng vui vẻ, lạc quan hơn.</p>\r\n\r\n<p>B&aacute;c sĩ Trần Thanh T&ugrave;ng, Khoa Bệnh m&aacute;u trẻ em, cho biết, bệnh bạch cầu tủy rất nặng, diễn tiến nặng nhanh ng&agrave;y từ l&uacute;c v&agrave;o viện. Đến nay bệnh nhi điều trị đợt 4, đ&aacute;p ứng kh&aacute; tốt. B&eacute; hiện đang sốt nhiễm tr&ugrave;ng.</p>\r\n\r\n<p style=\"text-align:center\"><img alt=\"\" height=\"750\" sizes=\"(max-width: 1000px) 100vw, 1000px\" src=\"http://vienhuyethoc.vn/wp-content/uploads/2021/06/Chau-Duong-Anh-Van-ung-thu-mau-Vien-Huyet-hoc.jpg\" srcset=\"http://vienhuyethoc.vn/wp-content/uploads/2021/06/Chau-Duong-Anh-Van-ung-thu-mau-Vien-Huyet-hoc.jpg 1000w, http://vienhuyethoc.vn/wp-content/uploads/2021/06/Chau-Duong-Anh-Van-ung-thu-mau-Vien-Huyet-hoc-300x225.jpg 300w, http://vienhuyethoc.vn/wp-content/uploads/2021/06/Chau-Duong-Anh-Van-ung-thu-mau-Vien-Huyet-hoc-768x576.jpg 768w\" width=\"1000\" /></p>\r\n\r\n<p style=\"text-align:center\"><em>Với b&aacute;c sĩ Trần Thanh T&ugrave;ng, Khoa Bệnh m&aacute;u trẻ em, Văn l&agrave; một cậu b&eacute; đặc biệt kh&ocirc;ng chỉ v&igrave; ho&agrave;n cảnh đ&aacute;ng thương m&agrave; c&ograve;n v&igrave; em lu&ocirc;n vui vẻ, mạnh mẽ đương đầu với bệnh ung thư m&aacute;u</em></p>\r\n\r\n<p>B&aacute;c sĩ T&ugrave;ng nhận định, khi mắc một bệnh &aacute;c t&iacute;nh v&agrave; phải điều trị th&igrave; hầu hết c&aacute;c bệnh nhi đều c&oacute; t&acirc;m l&yacute; rất sợ. C&oacute; b&eacute; sẽ n&oacute;i ra, c&oacute; b&eacute; kh&ocirc;ng, nhưng nh&igrave;n chung, v&igrave; nỗi sợ n&ecirc;n qu&aacute; tr&igrave;nh điều trị ban đầu kh&oacute; khăn, phải mất thời gian để c&aacute;c em l&agrave;m quen. Sau thời gian đ&oacute;, sức khỏe bệnh nh&acirc;n mới cải thiện, tinh thần ổn định hơn.</p>\r\n\r\n<p>B&ecirc;n cạnh điều trị bệnh l&yacute;, b&aacute;c sĩ T&ugrave;ng rất ch&uacute; trọng về tinh thần c&aacute;c b&eacute;. Anh thường xuy&ecirc;n động vi&ecirc;n, mỗi ng&agrave;y đi buồng lại v&agrave;o tr&ecirc;u, tr&ograve; chuyện để c&aacute;c b&eacute; c&oacute; cảm gi&aacute;c th&acirc;n thiện. Văn n&oacute;i ri&ecirc;ng cũng như c&aacute;c bệnh nhi kh&aacute;c từ đ&oacute; tinh thần thoải m&aacute;i hơn.</p>\r\n\r\n<p>B&aacute;c sĩ cho biết, sau 5 đợt d&ugrave;ng h&oacute;a chất để k&igrave;m h&atilde;m sự ph&aacute;t triển tế b&agrave;o ung thư, kh&ocirc;ng c&ograve;n tế b&agrave;o ung thư kh&ocirc;ng c&ograve;n trong m&aacute;u v&agrave; trong tủy xương, b&eacute; Văn sẽ được xuất viện, khi n&agrave;o t&aacute;i ph&aacute;t th&igrave; điều trị tiếp. Tuy nhi&ecirc;n, b&aacute;c sĩ nhận định ung thư m&aacute;u d&ograve;ng tủy nguy cơ t&aacute;i ph&aacute;t nhanh, khoảng v&agrave;i th&aacute;ng đến một năm, bệnh nhi gần như phải điều trị li&ecirc;n tục.</p>\r\n\r\n<p>Tỉnh dậy sau cơn sốt, Văn tỉnh t&aacute;o hơn, quay sang cười n&oacute;i với c&aacute;c bệnh nhi kh&aacute;c v&agrave; bố. Anh Tuấn nở nụ cười, lấy hộp sữa cho b&eacute; uống. Văn vừa uống sữa vừa ngồi lẩm nhẩm t&iacute;nh xem nếu hết 5 đợt khỏi bệnh th&igrave; đến bao giờ cậu sẽ được về nh&agrave; để c&ograve;n đi học. Chứng kiến niềm vui của con, người bố tự nhủ: &ldquo;Sẽ cố gắng chữa khỏi bệnh cho con, d&ugrave; c&oacute; phải suốt đời đi nữa&rdquo;.</p>\r\n\r\n<p style=\"text-align:right\">Theo vnexpress.net</p>\r\n\r\n<p style=\"text-align:center\">&nbsp;</p>\r\n\r\n<table>\r\n	<tbody>\r\n		<tr>\r\n			<td><strong>Rất mong qu&yacute; độc giả v&agrave; c&aacute;c nh&agrave; hảo t&acirc;m chia sẻ, ủng hộ gia đ&igrave;nh ch&aacute;u Dương Anh Văn!&nbsp;</strong>\r\n\r\n			<p>&nbsp;</p>\r\n\r\n			<p>Th&ocirc;ng tin li&ecirc;n hệ:</p>\r\n\r\n			<p>Anh Dương B&aacute; Tuấn:&nbsp;Th&ocirc;n Văn Gi&aacute;p, X&atilde; Văn B&igrave;nh, Huyện Thường T&iacute;n, TP. H&agrave; Nội</p>\r\n\r\n			<p>Điện thoại: 0358 604 644</p>\r\n\r\n			<p>Số t&agrave;i khoản: 0510179205007, Ng&acirc;n h&agrave;ng Qu&acirc;n đội (MB-Bank), chi nh&aacute;nh 28 Điện Bi&ecirc;n Phủ</p>\r\n\r\n			<p>Hoặc Ph&ograve;ng C&ocirc;ng t&aacute;c x&atilde; hội, Viện Huyết học &ndash; Truyền m&aacute;u TW: 024.&nbsp;3833 0088</p>\r\n			</td>\r\n		</tr>\r\n	</tbody>\r\n</table>', 'ung thư máu', 'ung thư máu', 1, 'Duong-anh-van-ung-thu-mau-vien-huyet-hoc30.jpg', '2021-07-15');
INSERT INTO `tbl_news` (`news_id`, `category_news_id`, `news_title`, `news_slug`, `news_desc`, `news_content`, `news_meta_des`, `news_meta_keysword`, `news_meta_status`, `news_image`, `news_date`) VALUES
(7, 1, 'Truyền máu, cấp cứu thành công sản phụ bị chấn thương sọ não', 'truyen-mau-cap-cuu-thanh-cong-san-phu-bi-chan-thuong-so-nao', '<p>Ng&agrave;y 04/6/2021, Bệnh viện đa khoa tỉnh H&ograve;a B&igrave;nh đ&atilde; cấp cứu th&agrave;nh c&ocirc;ng người bệnh mang thai 37 tuần tuổi bị đa chấn thương do tai nạn giao th&ocirc;ng.&hellip;</p>', '<p><strong>Ng&agrave;y 04/6/2021, Bệnh viện đa khoa tỉnh H&ograve;a B&igrave;nh đ&atilde; cấp cứu th&agrave;nh c&ocirc;ng người bệnh mang thai 37 tuần tuổi bị đa chấn thương do tai nạn giao th&ocirc;ng. Trong qu&aacute; tr&igrave;nh cấp cứu, c&aacute;c b&aacute;c sĩ đ&atilde; sử dụng tới 14 đơn vị chế phẩm m&aacute;u do Viện Huyết học &ndash; Truyền m&aacute;u TW cung cấp.</strong></p>\r\n\r\n<p style=\"text-align:center\"><img alt=\"\" height=\"629\" sizes=\"(max-width: 1024px) 100vw, 1024px\" src=\"http://vienhuyethoc.vn/wp-content/uploads/2021/06/Truyen-mau-BN-chan-thuong-so-nao-BV-Hoa-Hinh-3-1024x629.jpg\" srcset=\"http://vienhuyethoc.vn/wp-content/uploads/2021/06/Truyen-mau-BN-chan-thuong-so-nao-BV-Hoa-Hinh-3-1024x629.jpg 1024w, http://vienhuyethoc.vn/wp-content/uploads/2021/06/Truyen-mau-BN-chan-thuong-so-nao-BV-Hoa-Hinh-3-300x184.jpg 300w, http://vienhuyethoc.vn/wp-content/uploads/2021/06/Truyen-mau-BN-chan-thuong-so-nao-BV-Hoa-Hinh-3-768x471.jpg 768w\" width=\"1024\" /></p>\r\n\r\n<p>Người bệnh nhập viện trong t&igrave;nh trạng chấn thương sọ n&atilde;o, suy h&ocirc; hấp, sốc chấn thương. Chấn thương sọ n&atilde;o &ndash; tụ m&aacute;u nội sọ (tụ m&aacute;u dưới m&agrave;ng cứng) đ&atilde; g&acirc;y ch&egrave;n &eacute;p n&atilde;o cấp t&iacute;nh, l&agrave;m cho người bệnh rơi v&agrave;o trạng th&aacute;i h&ocirc;n m&ecirc;, t&iacute;nh mạng bị đe dọa nghi&ecirc;m trọng. B&ecirc;n cạnh đ&oacute;, tim thai đ&atilde; c&oacute; dấu hiệu suy v&agrave; sự sống của thai nhi chỉ c&ograve;n t&iacute;nh bằng ph&uacute;t.</p>\r\n\r\n<p>Ngay khi người bệnh nhập viện, hệ thống B&aacute;o động đỏ của Bệnh viện đ&atilde; được k&iacute;ch hoạt ngay lập tức. C&aacute;c chuy&ecirc;n ng&agrave;nh: Cấp cứu, Hồi sức t&iacute;ch cực ngoại, G&acirc;y m&ecirc; hồi sức, Phẫu thuật thần kinh, Sản khoa, Nhi khoa, Chẩn đo&aacute;n h&igrave;nh ảnh, Huyết học&hellip; ngay lập tức c&ugrave;ng hội chẩn để đưa ra phương &aacute;n điều trị tối ưu.</p>\r\n\r\n<p>C&aacute;c b&aacute;c sĩ phải đứng trước quyết định v&ocirc; c&ugrave;ng kh&oacute; khăn: Phẫu thuật lấy khối m&aacute;u tụ nội sọ để cứu người mẹ hạy ưu ti&ecirc;n phẫu thuật để cứu con. Mong muốn giữ được t&iacute;nh mạng cho cả người mẹ v&agrave; thai nhi, nhưng k&iacute;p phẫu thuật cũng hiểu r&otilde;: rất c&oacute; khả năng chỉ c&oacute; thể cứu được mẹ hoặc con. Tr&aacute;i tim v&agrave; khối &oacute;c của c&aacute;c thầy thuốc thực sự bị thử th&aacute;ch cực đại.</p>\r\n\r\n<p style=\"text-align:center\"><img alt=\"\" height=\"540\" sizes=\"(max-width: 960px) 100vw, 960px\" src=\"http://vienhuyethoc.vn/wp-content/uploads/2021/06/Truyen-mau-BN-chan-thuong-so-nao-BV-Hoa-Hinh-1.jpg\" srcset=\"http://vienhuyethoc.vn/wp-content/uploads/2021/06/Truyen-mau-BN-chan-thuong-so-nao-BV-Hoa-Hinh-1.jpg 960w, http://vienhuyethoc.vn/wp-content/uploads/2021/06/Truyen-mau-BN-chan-thuong-so-nao-BV-Hoa-Hinh-1-300x169.jpg 300w, http://vienhuyethoc.vn/wp-content/uploads/2021/06/Truyen-mau-BN-chan-thuong-so-nao-BV-Hoa-Hinh-1-768x432.jpg 768w\" width=\"960\" /></p>\r\n\r\n<p style=\"text-align:center\"><em>Ekip phẫu thuật đ&atilde; phải trải qua gi&acirc;y ph&uacute;t c&acirc;n n&atilde;o khi phải lựa chọn phẫu thuật cứu người mẹ hay cứu con</em></p>\r\n\r\n<p>Cuối c&ugrave;ng quyết định cũng được đưa ra, 2 k&iacute;p đồng thời c&ugrave;ng l&uacute;c tiến h&agrave;nh phẫu thuật lấy khối m&aacute;u tụ nội sọ giải ph&oacute;ng ch&egrave;n &eacute;p n&atilde;o để cứu người mẹ v&agrave; phẫu thuật mở tử cung để cứu ch&aacute;u b&eacute;. K&iacute;p g&acirc;y m&ecirc; hồi sức đ&atilde; đảm bảo c&aacute;c điều kiện tốt nhất v&agrave; đặc biệt l&agrave; dự tr&ugrave; c&aacute;c chế phẩm m&aacute;u phục vụ cho ca mổ.</p>\r\n\r\n<p>K&iacute;p Nhi khoa v&agrave; Hồi sức t&iacute;ch cực ngoại đ&atilde; sẵn s&agrave;ng c&aacute;c phương tiện v&agrave; thuốc men để hồi sức cho người mẹ v&agrave; ch&aacute;u b&eacute;. Sau ca phẫu thuật, người mẹ tiếp tục rơi v&agrave;o t&igrave;nh trạng h&ocirc;n m&ecirc;, rối loạn đ&ocirc;ng m&aacute;u, nhanh ch&oacute;ng được chuyển về đơn vị hồi sức t&iacute;ch ngoại khoa để điều trị v&agrave; chăm s&oacute;c. Trong qu&aacute; tr&igrave;nh đ&oacute;, c&aacute;c b&aacute;c sĩ đ&atilde; cần tới 14 đơn vị chế phẩm m&aacute;u (7 đơn vị khối hồng cầu, 7 đơn vị huyết tương đông lạnh nh&oacute;m B) do Viện Huyết học &ndash; Truyền m&aacute;u TW cung cấp để truyền cho người bệnh.Ch&aacute;u b&eacute; bị suy h&ocirc; hấp, sau khi cấp cứu ban đầu tạm ổn định, được chuyển đến khoa Nhi để thở m&aacute;y, nằm lồng ấp v&agrave; chăm s&oacute;c đặc biệt.</p>\r\n\r\n<p style=\"text-align:center\"><img alt=\"\" height=\"576\" sizes=\"(max-width: 960px) 100vw, 960px\" src=\"http://vienhuyethoc.vn/wp-content/uploads/2021/06/Truyen-mau-BN-chan-thuong-so-nao-BV-Hoa-Hinh.jpg\" srcset=\"http://vienhuyethoc.vn/wp-content/uploads/2021/06/Truyen-mau-BN-chan-thuong-so-nao-BV-Hoa-Hinh.jpg 960w, http://vienhuyethoc.vn/wp-content/uploads/2021/06/Truyen-mau-BN-chan-thuong-so-nao-BV-Hoa-Hinh-300x180.jpg 300w, http://vienhuyethoc.vn/wp-content/uploads/2021/06/Truyen-mau-BN-chan-thuong-so-nao-BV-Hoa-Hinh-768x461.jpg 768w\" width=\"960\" /></p>\r\n\r\n<p style=\"text-align:center\"><img alt=\"\" height=\"528\" sizes=\"(max-width: 720px) 100vw, 720px\" src=\"http://vienhuyethoc.vn/wp-content/uploads/2021/06/Truyen-mau-BN-chan-thuong-so-nao-BV-Hoa-Hinh-2.jpg\" srcset=\"http://vienhuyethoc.vn/wp-content/uploads/2021/06/Truyen-mau-BN-chan-thuong-so-nao-BV-Hoa-Hinh-2.jpg 720w, http://vienhuyethoc.vn/wp-content/uploads/2021/06/Truyen-mau-BN-chan-thuong-so-nao-BV-Hoa-Hinh-2-300x220.jpg 300w\" width=\"720\" /></p>\r\n\r\n<p style=\"text-align:center\"><em>Em b&eacute; đ&atilde; được về nh&agrave; v&agrave; t&igrave;nh trạng của người mẹ cũng dần được cải thiện</em></p>\r\n\r\n<p>Cậu chuyện đ&atilde; kết th&uacute;c c&oacute; hậu khi 12 ng&agrave;y sau, ch&aacute;u b&eacute; đ&atilde; bỏ được m&aacute;y thở, uống được sữa v&agrave; đ&atilde; được người th&acirc;n đ&oacute;n về nh&agrave; để chăm s&oacute;c. Người mẹ đ&atilde; cai được m&aacute;y thở, cử động được ch&acirc;n tay, bắt đầu c&oacute; nhận thức với sự vật v&agrave; hiện tượng xung quanh. Chặng đường ph&iacute;a trước sẽ c&ograve;n rất nhiều gian nan để hồi phục sức khỏe về thể chất v&agrave; tinh thần cho người mẹ nhưng hi vọng th&agrave;nh c&ocirc;ng ng&agrave;y c&agrave;ng nhiều hơn.</p>\r\n\r\n<p>Với sự tận t&acirc;m, tận lực, hết l&ograve;ng v&igrave; người bệnh của c&aacute;c thầy thuốc Bệnh viện đa khoa tỉnh H&ograve;a B&igrave;nh, c&ugrave;ng với việc triển khai hệ thống B&aacute;o động đỏ trong Bệnh viện thực sự đ&atilde; r&uacute;t ngắn thời gian để thầy thuốc tiếp cận nhanh hơn với người bệnh cấp cứu v&igrave; trong cấp cứu người bệnh nguy kịch th&igrave; &ldquo;thời gian l&agrave; v&agrave;ng-thời gian l&agrave; n&atilde;o&rdquo;.</p>\r\n\r\n<p style=\"text-align:right\">TS. Ho&agrave;ng C&ocirc;ng T&igrave;nh, Trưởng khoa Hồi sức t&iacute;ch cực &ndash; Chống độc</p>\r\n\r\n<p style=\"text-align:right\">Bệnh viện ĐK tỉnh H&ograve;a B&igrave;nh</p>', 'người bện cần truyền máu', 'người bện cần truyền máu', 1, 'Truyen-mau-BN-chan-thuong-so-nao-BV-Hoa-Hinh-345.jpg', '2021-07-15'),
(8, 1, 'Giấc mơ tuổi 16 của cô bé ung thư máu', 'giac-mo-tuoi-16-cua-co-be-ung-thu-mau', '<p>Sau nửa năm đi du học &Uacute;c, trong một lần về thăm nh&agrave;, c&ocirc; b&eacute; Th&ugrave;y Linh (16 tuổi, Quảng Ninh) bất ngờ ph&aacute;t hiện m&igrave;nh đ&atilde; mắc căn bệnh&hellip;</p>', '<p>Sau nửa năm đi du học &Uacute;c, trong một lần về thăm nh&agrave;, c&ocirc; b&eacute; Th&ugrave;y Linh (16 tuổi, Quảng Ninh) bất ngờ ph&aacute;t hiện m&igrave;nh đ&atilde; mắc căn bệnh ung thư m&aacute;u. Vốn dĩ sau kỳ nghỉ c&oacute; thể quay trở lại nước &Uacute;c để tiếp tục thực hiện giấc mơ th&igrave; giờ đ&acirc;y, con đường quen thuộc của Linh lại l&agrave; đường từ nh&agrave; đến Viện.</p>\r\n\r\n<p style=\"text-align:center\"><img alt=\"\" height=\"528\" sizes=\"(max-width: 1024px) 100vw, 1024px\" src=\"http://vienhuyethoc.vn/wp-content/uploads/2021/06/bn-thuy-linh-1024x528.jpg\" srcset=\"http://vienhuyethoc.vn/wp-content/uploads/2021/06/bn-thuy-linh-1024x528.jpg 1024w, http://vienhuyethoc.vn/wp-content/uploads/2021/06/bn-thuy-linh-300x155.jpg 300w, http://vienhuyethoc.vn/wp-content/uploads/2021/06/bn-thuy-linh-768x396.jpg 768w, http://vienhuyethoc.vn/wp-content/uploads/2021/06/bn-thuy-linh.jpg 1500w\" width=\"1024\" /></p>\r\n\r\n<p>&nbsp;</p>\r\n\r\n<p>Ở độ tuổi trăng tr&ograve;n, Th&ugrave;y Linh cũng như bao c&ocirc; b&eacute; kh&aacute;c y&ecirc;u đời v&agrave; nhiều mơ mộng, em th&iacute;ch l&agrave;m b&aacute;nh, th&iacute;ch nghe nhạc, th&iacute;ch đi bộ tr&ecirc;n đường phố nước &Uacute;c những buổi chiều ho&agrave;ng h&ocirc;n. Nhưng rồi những k&yacute; ức rất đẹp ấy giờ đ&acirc;y đ&atilde; trở th&agrave;nh qu&aacute; khứ, Linh buộc phải quen với bốn bức tường của bệnh viện v&agrave; nỗi lo sợ với căn bệnh hiểm ngh&egrave;o.</p>\r\n\r\n<p>Sau hơn 9 th&aacute;ng điều trị, m&aacute;i t&oacute;c d&agrave;i của Linh đ&atilde; kh&ocirc;ng c&ograve;n, c&ocirc; b&eacute; t&acirc;m sự: &ldquo;Con biết m&igrave;nh kh&ocirc;ng thể buồn m&atilde;i như thế nữa, con chấp nhận căn bệnh n&agrave;y nhưng kh&ocirc;ng chấp nhận thua cuộc.&rdquo;</p>\r\n\r\n<p style=\"text-align:center\"><img alt=\"\" height=\"638\" sizes=\"(max-width: 1024px) 100vw, 1024px\" src=\"http://vienhuyethoc.vn/wp-content/uploads/2021/06/cobeungthu-3-1024x638.jpg\" srcset=\"http://vienhuyethoc.vn/wp-content/uploads/2021/06/cobeungthu-3-1024x638.jpg 1024w, http://vienhuyethoc.vn/wp-content/uploads/2021/06/cobeungthu-3-300x187.jpg 300w, http://vienhuyethoc.vn/wp-content/uploads/2021/06/cobeungthu-3-768x479.jpg 768w, http://vienhuyethoc.vn/wp-content/uploads/2021/06/cobeungthu-3.jpg 1500w\" width=\"1024\" /></p>\r\n\r\n<p>Thấy t&oacute;c rụng sau những lần điều trị h&oacute;a chất, Linh đ&atilde; tự cắt nốt phần t&oacute;c c&ograve;n lại, quyết t&acirc;m chiến đấu đến c&ugrave;ng. 9 th&aacute;ng sống chung với ung thư c&oacute; lẽ l&agrave; khoảng thời gian c&ocirc; b&eacute; phải trải qua nhiều cung bậc cảm x&uacute;c nhất.</p>\r\n\r\n<p>&ldquo;Con bị sốt cao nhiều lần, người cứ mệt mỏi n&ecirc;n bố mẹ cho con đi kh&aacute;m bệnh, con chỉ nghĩ m&igrave;nh bị ốm b&igrave;nh thường th&ocirc;i, l&uacute;c đầu bố mẹ c&ograve;n giấu, chỉ n&oacute;i l&agrave; con bị thiếu m&aacute;u chứ kh&ocirc;ng cho con biết l&agrave; con bị ung thư.&rdquo; &ndash; Th&ugrave;y Linh nhớ lại những ng&agrave;y đầu khi m&igrave;nh ph&aacute;t hiện bệnh.</p>\r\n\r\n<p>Biết m&igrave;nh bị ung thư m&aacute;u, Linh từng c&oacute; những gi&acirc;y ph&uacute;t tuyệt vọng, thế giới tươi đẹp trước mắt em tưởng như đ&atilde; kh&eacute;p lại. Nước &Uacute;c xinh đẹp với căn bếp y&ecirc;u th&iacute;ch của em giờ đ&atilde; trở n&ecirc;n xa vời, em kh&ocirc;ng biết đến bao giờ m&igrave;nh mới c&oacute; thể quay lại đ&oacute; nữa, bởi việc đến trường đi học với em giờ đ&acirc;y cũng trở n&ecirc;n thật kh&oacute; khăn.</p>\r\n\r\n<p>&ldquo;Ở &Uacute;c con hay nhớ nh&agrave;, nhưng về đ&acirc;y rồi con lại hay nghĩ về b&ecirc;n ấy, con c&oacute; nhiều dự định khi đi du học, con c&ograve;n muốn mở một tiệm b&aacute;nh ngọt để l&agrave;m b&aacute;nh tặng cho những em nhỏ cũng bị bệnh như con.&rdquo; &ndash; tr&ecirc;n giường bệnh, &aacute;nh mắt của Linh vẫn s&aacute;ng l&ecirc;n lấp l&aacute;nh khi c&ocirc; b&eacute; kể về ước mơ của m&igrave;nh.</p>\r\n\r\n<p style=\"text-align:center\"><img alt=\"\" height=\"638\" sizes=\"(max-width: 1024px) 100vw, 1024px\" src=\"http://vienhuyethoc.vn/wp-content/uploads/2021/06/cobeungthu-2-1024x638.jpg\" srcset=\"http://vienhuyethoc.vn/wp-content/uploads/2021/06/cobeungthu-2-1024x638.jpg 1024w, http://vienhuyethoc.vn/wp-content/uploads/2021/06/cobeungthu-2-300x187.jpg 300w, http://vienhuyethoc.vn/wp-content/uploads/2021/06/cobeungthu-2-768x478.jpg 768w, http://vienhuyethoc.vn/wp-content/uploads/2021/06/cobeungthu-2.jpg 1500w\" width=\"1024\" /></p>\r\n\r\n<p>V&agrave; ch&iacute;nh giấc mơ ấy đ&atilde; n&iacute;u k&eacute;o c&ocirc; b&eacute; trước ranh giới của hy vọng v&agrave; tuyệt vọng. Mỗi khi nghĩ đến c&aacute;i chết, Th&ugrave;y Linh lại nhớ về &Uacute;c với những con đường cổ k&iacute;nh với h&agrave;ng c&acirc;y trải d&agrave;i, những đ&agrave;n bồ c&acirc;u thong thả tr&ecirc;n h&egrave; phố, nhớ về những giờ học được trải nghiệm biết bao nhi&ecirc;u điều th&uacute; vị. Em lại k&eacute;o m&igrave;nh trở về với khao kh&aacute;t được sống, khao kh&aacute;t thực hiện ước mơ c&ograve;n dang dở.</p>\r\n\r\n<p style=\"text-align:center\"><img alt=\"\" height=\"1024\" sizes=\"(max-width: 683px) 100vw, 683px\" src=\"http://vienhuyethoc.vn/wp-content/uploads/2021/06/295A6982-683x1024.jpg\" srcset=\"http://vienhuyethoc.vn/wp-content/uploads/2021/06/295A6982-683x1024.jpg 683w, http://vienhuyethoc.vn/wp-content/uploads/2021/06/295A6982-200x300.jpg 200w, http://vienhuyethoc.vn/wp-content/uploads/2021/06/295A6982-768x1152.jpg 768w, http://vienhuyethoc.vn/wp-content/uploads/2021/06/295A6982.jpg 1500w\" width=\"683\" /></p>\r\n\r\n<p style=\"text-align:center\"><em>Đ&atilde; từng tuyệt vọng, nhưng những ước mơ tươi s&aacute;ng đ&atilde; n&iacute;u giữ em lại với cuộc sống n&agrave;y.</em></p>\r\n\r\n<p>Th&ugrave;y Linh biết rằng tương lai của m&igrave;nh c&ograve;n rất d&agrave;i ph&iacute;a trước, tuy nhi&ecirc;n để đấu tranh với t&acirc;m l&yacute; ch&aacute;n chường, sợ h&atilde;i trước căn bệnh hiểm ngh&egrave;o với c&ocirc; b&eacute; với 16 tuổi thật sự kh&oacute; khăn: &ldquo;Con biết bố mẹ thương con rất nhiều, con buồn th&igrave; bố mẹ c&agrave;ng buồn hơn, con phải cố gắng chữa bệnh để mai sau con muốn đưa bố mẹ đi du lịch nữa.&rdquo;</p>\r\n\r\n<p style=\"text-align:center\">Mẹ ch&iacute;nh l&agrave; người s&aacute;t c&aacute;nh c&ugrave;ng em tr&ecirc;n chặng đường điều trị gian nan, c&ugrave;ng vượt qua những ng&agrave;y th&aacute;ng kh&oacute; khăn nhất khi m&agrave; c&ocirc; con g&aacute;i b&eacute; bỏng bị suy sụp tinh thần. Trong những ước mơ của Linh đều c&oacute; h&igrave;nh b&oacute;ng của mẹ, c&oacute; lẽ t&igrave;nh cảm gia đ&igrave;nh đ&atilde; tiếp th&ecirc;m sức mạnh cho em khỏi những cơn đau đớn v&agrave; tuyệt vọng.<img alt=\"\" height=\"683\" sizes=\"(max-width: 1024px) 100vw, 1024px\" src=\"http://vienhuyethoc.vn/wp-content/uploads/2021/06/295A6969-1024x683.jpg\" srcset=\"http://vienhuyethoc.vn/wp-content/uploads/2021/06/295A6969-1024x683.jpg 1024w, http://vienhuyethoc.vn/wp-content/uploads/2021/06/295A6969-300x200.jpg 300w, http://vienhuyethoc.vn/wp-content/uploads/2021/06/295A6969-768x512.jpg 768w, http://vienhuyethoc.vn/wp-content/uploads/2021/06/295A6969.jpg 1500w\" width=\"1024\" /></p>\r\n\r\n<p style=\"text-align:center\"><em>Mẹ ch&iacute;nh l&agrave; người c&ugrave;ng em trải qua những gi&acirc;y ph&uacute;t kh&oacute; khăn.</em></p>\r\n\r\n<p>Trong qu&aacute; tr&igrave;nh điều trị, Linh cần được truyền nhiều m&aacute;u v&agrave; tiểu cầu, mỗi lần dịch bệnh Covid-19 quay trở lại l&agrave; em v&agrave; nhiều người bệnh kh&aacute;c lại th&ecirc;m lo lắng. &ldquo;Nếu kh&ocirc;ng được truyền m&aacute;u, người con mệt mỏi lắm, lần n&agrave;o c&oacute; dịch m&aacute;u cũng khan hiếm, may m&agrave; vẫn c&ograve;n nhiều c&ocirc; ch&uacute; đi hiến m&aacute;u cho ch&uacute;ng con.&rdquo; &ndash; Linh t&acirc;m sự.</p>\r\n\r\n<p style=\"text-align:center\"><img alt=\"\" height=\"1024\" sizes=\"(max-width: 641px) 100vw, 641px\" src=\"http://vienhuyethoc.vn/wp-content/uploads/2021/06/cobeungthu-1-641x1024.jpg\" srcset=\"http://vienhuyethoc.vn/wp-content/uploads/2021/06/cobeungthu-1-641x1024.jpg 641w, http://vienhuyethoc.vn/wp-content/uploads/2021/06/cobeungthu-1-188x300.jpg 188w, http://vienhuyethoc.vn/wp-content/uploads/2021/06/cobeungthu-1-768x1228.jpg 768w, http://vienhuyethoc.vn/wp-content/uploads/2021/06/cobeungthu-1.jpg 1500w\" width=\"641\" /></p>\r\n\r\n<p>Nhờ c&oacute; những tấm l&ograve;ng nh&acirc;n &aacute;i, sẵn s&agrave;ng hiến m&aacute;u kh&ocirc;ng ngại dịch bệnh m&agrave; Th&ugrave;y Linh c&oacute; th&ecirc;m động lực để y&ecirc;u cuộc sống, được tiếp tục ước mơ v&agrave; hy vọng. Trong những giấc mơ, em vẫn mơ về một ng&agrave;y mai căn bệnh ung thư m&aacute;u qu&aacute;i &aacute;c n&agrave;y biến mất, em sẽ lại được trở về với những th&aacute;ng ng&agrave;y ngập tr&agrave;n hạnh ph&uacute;c b&ecirc;n gia đ&igrave;nh, sẽ trở th&agrave;nh c&ocirc; chủ nhỏ trong tiệm b&aacute;nh ngọt ng&agrave;o t&igrave;nh y&ecirc;u thương.</p>\r\n\r\n<p style=\"text-align:center\"><img alt=\"\" height=\"1024\" sizes=\"(max-width: 725px) 100vw, 725px\" src=\"http://vienhuyethoc.vn/wp-content/uploads/2021/06/BN-Thuy-Linh-725x1024.jpg\" srcset=\"http://vienhuyethoc.vn/wp-content/uploads/2021/06/BN-Thuy-Linh-725x1024.jpg 725w, http://vienhuyethoc.vn/wp-content/uploads/2021/06/BN-Thuy-Linh-213x300.jpg 213w, http://vienhuyethoc.vn/wp-content/uploads/2021/06/BN-Thuy-Linh-768x1084.jpg 768w\" width=\"725\" /></p>\r\n\r\n<p>C&acirc;u chuyện về h&agrave;nh tr&igrave;nh chiến đấu với căn bệnh v&agrave; tinh thần lạc quan của c&ocirc; b&eacute; Th&ugrave;y Linh đ&atilde; g&oacute;p phần truyền cảm hứng cho nhiều người bệnh đang từng ng&agrave;y cố gắng bảo vệ sự sống. Th&ugrave;y Linh cũng ch&iacute;nh l&agrave; một trong c&aacute;c nh&acirc;n vật đại diện cho chiến dịch &ldquo;Giữ nhịp đập tr&aacute;i tim&rdquo; năm nay.</p>\r\n\r\n<p style=\"text-align:right\">Th&ugrave;y Trang, Ảnh: C&ocirc;ng Thắng</p>', 'bệnh nhi ung thư máu, ung thư máu', 'bệnh nhi ung thư máu', 1, 'bn-thuy-linh97.jpg', '2021-07-15'),
(9, 1, 'Truyền 12 đơn vị chế phẩm máu, cứu bệnh nhân bị vỡ gan phức tạp', 'truyen-12-don-vi-che-pham-mau-cuu-benh-nhan-bi-vo-gan-phuc-tap', '<p>Bệnh viện Đa khoa Trung ương Cần Thơ vừa cứu sống một bệnh nh&acirc;n bị vỡ gan phức tạp nhờ phương ph&aacute;p can thiệp n&uacute;t mạch, m&agrave; kh&ocirc;ng cần phải&hellip;</p>', '<p><strong>Bệnh viện Đa khoa Trung ương Cần Thơ</strong>&nbsp;<strong>vừa cứu sống một bệnh nh&acirc;n bị vỡ gan phức tạp nhờ phương ph&aacute;p can thiệp n&uacute;t mạch, m&agrave; kh&ocirc;ng cần phải phẫu thuật, chỉ trong thời gian 30 ph&uacute;t. Trong qu&aacute; tr&igrave;nh cấp cứu, can thiệp, bệnh nh&acirc;n đ&atilde; được truyền tổng cộng 12 đơn vị m&aacute;u v&agrave; chế phẩm m&aacute;u (6 đơn vị hồng cầu, 2 đơn vị tiểu cầu, 4 đơn vị huyết tương tươi đ&ocirc;ng lạnh).</strong></p>\r\n\r\n<p style=\"text-align:center\"><img alt=\"\" height=\"750\" sizes=\"(max-width: 1000px) 100vw, 1000px\" src=\"http://vienhuyethoc.vn/wp-content/uploads/2021/06/benh-nhan-Can-Tho-1.jpg\" srcset=\"http://vienhuyethoc.vn/wp-content/uploads/2021/06/benh-nhan-Can-Tho-1.jpg 1000w, http://vienhuyethoc.vn/wp-content/uploads/2021/06/benh-nhan-Can-Tho-1-300x225.jpg 300w, http://vienhuyethoc.vn/wp-content/uploads/2021/06/benh-nhan-Can-Tho-1-768x576.jpg 768w\" width=\"1000\" /></p>\r\n\r\n<p style=\"text-align:center\"><em>C&aacute;c b&aacute;c sĩ can thiệp, cấp cứu cho bệnh nh&acirc;n (ảnh: TTX).</em></p>\r\n\r\n<p>Trước đ&oacute;, chị N.N.G (43 tuổi, tr&uacute; tại Hậu Giang), khi di chuyển bằng thuyền m&aacute;y th&igrave; va chạm với phương tiện giao th&ocirc;ng đường thủy kh&aacute;c, bị chấn thương nặng, rơi xuống s&ocirc;ng v&agrave; được người d&acirc;n đưa đến bệnh viện địa phương cấp cứu.</p>\r\n\r\n<p>Bệnh nh&acirc;n được chuyển đến Bệnh viện Đa khoa Trung ương Cần Thơ trong t&igrave;nh trạng nguy kịch: da xanh, ni&ecirc;m nhợt, huyết &aacute;p thấp, mạch nhanh nhẹ, đau ở nhiều vị tr&iacute;&hellip; Bệnh nh&acirc;n được hồi sức t&iacute;ch cực truyền m&aacute;u, b&ugrave; dịch, giảm đau..</p>\r\n\r\n<p>Bệnh nh&acirc;n được chẩn đo&aacute;n đa chấn thương nặng, sốc mất m&aacute;u, vỡ gan phức tạp, tr&agrave;n m&aacute;u ổ bụng lượng nhiều, g&atilde;y nhiều xương sườn (xương sườn 5 đến 10), dập phổi. Bệnh nh&acirc;n c&oacute; chỉ định can thiệp chụp v&agrave; n&uacute;t mạch, cấp cứu cầm m&aacute;u gan bị vỡ.</p>\r\n\r\n<p>BSCKI. Trần C&ocirc;ng Kh&aacute;nh &ndash; Ph&oacute; Trưởng khoa Chẩn đo&aacute;n h&igrave;nh ảnh, Bệnh viện Đa khoa Trung ương Cần Thơ đ&atilde; tiến h&agrave;nh chụp x&aacute;c định vị tr&iacute; tho&aacute;t mạch (bệnh nh&acirc;n chỉ phải g&acirc;y t&ecirc;) v&agrave; bơm tắc bằng keo, thủ thuật diễn ra trong 30 ph&uacute;t. Sau can thiệp, t&igrave;nh trạng của người bệnh dần cải thiện.</p>\r\n\r\n<p style=\"text-align:center\"><img alt=\"\" height=\"563\" sizes=\"(max-width: 960px) 100vw, 960px\" src=\"http://vienhuyethoc.vn/wp-content/uploads/2021/06/b%E1%BA%B9nh-nhan-Can-Tho-2.jpg\" srcset=\"http://vienhuyethoc.vn/wp-content/uploads/2021/06/bẹnh-nhan-Can-Tho-2.jpg 960w, http://vienhuyethoc.vn/wp-content/uploads/2021/06/bẹnh-nhan-Can-Tho-2-300x176.jpg 300w, http://vienhuyethoc.vn/wp-content/uploads/2021/06/bẹnh-nhan-Can-Tho-2-768x450.jpg 768w\" width=\"960\" /></p>\r\n\r\n<p style=\"text-align:center\"><em>Hiện tại, sức khỏe người bệnh đ&atilde; tiến triển tốt, mạch, huyết &aacute;p ổn định, t&igrave;nh trạng chảy m&aacute;u kh&ocirc;ng c&ograve;n, ăn uống được.</em></p>\r\n\r\n<p>Trong qu&aacute; tr&igrave;nh cấp cứu, can thiệp, bệnh nh&acirc;n đ&atilde; được truyền tổng cộng 12 đơn vị chế phẩm m&aacute;u (6 đơn vị hồng cầu, 2 đơn vị tiểu cầu, 4 đơn vị huyết tương tươi đ&ocirc;ng lạnh); được cung cấp kịp thời từ Bệnh viện Huyết học &ndash; Truyền m&aacute;u Cần Thơ.</p>\r\n\r\n<p>Theo BSCKII. Phạm Thanh Phong &ndash; Ph&oacute; Gi&aacute;m đốc Bệnh viện Đa khoa TW Cần Thơ, gan l&agrave; tạng đặc c&oacute; thể t&iacute;ch lớn trong cơ thể, l&agrave; bộ phận dễ bị tổn thương nhất trong chấn thương bụng k&iacute;n. Khi gan bị vỡ, bệnh nh&acirc;n sẽ gặp phải nguy cơ mất m&aacute;u, k&eacute;o theo một loạt c&aacute;c biến chứng nghi&ecirc;m trọng như rối loạn hoạt động c&aacute;c chức năng sống của cơ thể, rối loạn đ&ocirc;ng m&aacute;u, suy đa phủ tạng v&agrave; dẫn đến tử vong&hellip;</p>\r\n\r\n<p>Với can thiệp n&uacute;t mạch cầm m&aacute;u, bệnh nh&acirc;n sẽ kh&ocirc;ng phải trải qua những cuộc đại phẫu cắt gan nặng nề k&eacute;o d&agrave;i h&agrave;ng giờ, tiềm ẩn biến chứng trong v&agrave; sau phẫu thuật nguy hiểm như sốc mất m&aacute;u, nhiễm tr&ugrave;ng vết mổ. Can thiệp th&agrave;nh c&ocirc;ng cũng gi&uacute;p giảm lượng m&aacute;u cần truyền, giảm tỉ lệ tử vong v&agrave; giảm thời gian nằm viện của bệnh nh&acirc;n.</p>\r\n\r\n<p style=\"text-align:right\">Thảo Nguy&ecirc;n (tổng hợp)</p>', 'bệnh nhân truyền máu, cung cấp máu, hiến máu', 'cung cấp máu, hiến máu', 1, 'benh-nhan-Can-Tho-14.jpg', '2021-07-15'),
(10, 2, 'Người bệnh từ vùng dịch muốn vào Hà Nội khám, chữa bệnh phải có giấy xét nghiệm SARS-CoV-2 âm tính trong vòng 72 giờ', 'nguoi-benh-tu-vung-dich-muon-vao-ha-noi-kham-chua-benh-phai-co-giay-xet-nghiem-sars-cov-2-am-tinh-trong-vong-72-gio', '<p>C&ocirc;ng an TP.H&agrave; Nội vừa c&oacute; văn bản hỏa tốc gửi c&aacute;c sở, ban, ng&agrave;nh v&agrave; c&aacute;c quận, huyện tr&ecirc;n địa b&agrave;n về việc th&agrave;nh lập 22 chốt tại c&aacute;c&hellip;</p>', '<p><strong>C&ocirc;ng an TP.H&agrave; Nội vừa c&oacute; văn bản hỏa tốc gửi c&aacute;c sở, ban, ng&agrave;nh v&agrave; c&aacute;c quận, huyện tr&ecirc;n địa b&agrave;n về việc th&agrave;nh lập 22 chốt tại c&aacute;c cửa ng&otilde; Thủ đ&ocirc; để kiểm so&aacute;t to&agrave;n bộ phương tiện, người d&acirc;n v&agrave;o th&agrave;nh phố.</strong></p>\r\n\r\n<p><img alt=\"\" height=\"920\" sizes=\"(max-width: 1500px) 100vw, 1500px\" src=\"http://vienhuyethoc.vn/wp-content/uploads/2021/07/xetnghiemcovid.jpg\" srcset=\"http://vienhuyethoc.vn/wp-content/uploads/2021/07/xetnghiemcovid.jpg 1500w, http://vienhuyethoc.vn/wp-content/uploads/2021/07/xetnghiemcovid-300x184.jpg 300w, http://vienhuyethoc.vn/wp-content/uploads/2021/07/xetnghiemcovid-768x471.jpg 768w, http://vienhuyethoc.vn/wp-content/uploads/2021/07/xetnghiemcovid-1024x628.jpg 1024w\" width=\"1500\" /></p>\r\n\r\n<p>Theo đ&oacute;, Trung t&acirc;m kiểm so&aacute;t bệnh tật TP. H&agrave; Nội đ&atilde; c&oacute; th&ocirc;ng b&aacute;o về việc kiểm dịch Covid-19 tại 22 chốt cửa ng&otilde; ra v&agrave;o Thủ đ&ocirc;, bắt đầu từ 6h ng&agrave;y 14/7, cụ thể: Người bệnh, người nh&agrave; người bệnh đến từ c&aacute;c v&ugrave;ng c&oacute; dịch đ&atilde; được Bộ Y tế c&ocirc;ng bố trước khi v&agrave;o H&agrave; Nội kh&aacute;m, điều trị theo hẹn cần l&agrave;m x&eacute;t nghiệm s&agrave;ng lọc Covid-19 tại tỉnh (x&eacute;t nghiệm c&oacute; gi&aacute; trị trong v&ograve;ng 72 giờ).</p>\r\n\r\n<p>Trường hợp chưa kịp l&agrave;m x&eacute;t nghiệm s&agrave;ng lọc Covid-19 tại tỉnh th&igrave; người bệnh, người nh&agrave; người bệnh sẽ được nh&acirc;n vi&ecirc;n y tế tại c&aacute;c chốt kiểm dịch lấy mẫu v&agrave; l&agrave;m x&eacute;t nghiệm test nhanh SARS-CoV-2, (tuy nhi&ecirc;n việc n&agrave;y mất kh&aacute; nhiều thời gian).</p>\r\n\r\n<p>Những trường hợp kh&ocirc;ng đến từ v&ugrave;ng dịch, chỉ cần đo th&acirc;n nhiệt v&agrave; khai b&aacute;o y tế, nếu đảm bảo theo quy định sẽ được qua chốt.</p>\r\n\r\n<p>B&ecirc;n cạnh đ&oacute;, tất cả c&aacute;c đối tượng kể tr&ecirc;n khi v&agrave;o địa b&agrave;n TP. H&agrave; Nội cần phải mang theo c&aacute;c giấy tời t&ugrave;y th&acirc;n như: Chứng minh nh&acirc;n d&acirc;n hoặc Căn cước c&ocirc;ng d&acirc;n, giấy ph&eacute;p l&aacute;i xe, giấy chuyển tuyến (nếu c&oacute;)&hellip; theo quy định.</p>\r\n\r\n<p>Viện Huyết học &ndash; Truyền m&aacute;u Trung ương đề nghị người bệnh, người nh&agrave; người bệnh h&atilde;y thực hiện nghi&ecirc;m t&uacute;c quy định của UBND th&agrave;nh phố H&agrave; Nội nhằm đảm bảo hoạt động chống dịch diễn ra an to&agrave;n, hiệu quả.</p>\r\n\r\n<p><strong>22 chốt kiểm so&aacute;t dịch COVID-19 tại cửa ng&otilde; ra v&agrave;o Thủ đ&ocirc; gồm:</strong><br />\r\n1: Từ tỉnh H&agrave; Nam về H&agrave; Nội tuyến Quốc lộ 1A, 1B. Ng&atilde; ba Cầu Giẽ (Km213 Quốc lộ 1A), huyện Ph&uacute; Xuy&ecirc;n.<br />\r\n2: Trạm thu ph&iacute; cao tốc Ph&aacute;p V&acirc;n- Cầu Giẽ (Km188), huyện Thanh Tr&igrave;.<br />\r\n3: Quốc lộ 21B &ndash; ng&atilde; 3 chợ Dầu, huyện Ứng H&ograve;a. Từ tỉnh Hưng Y&ecirc;n, Bắc Ninh, Bắc Giang về H&agrave; Nội theo tuyến Quốc lộ 5, cao tốc H&agrave; Nội &ndash; Lạng Sơn.<br />\r\n4: Quốc Lộ 5 (c&acirc;y xăng Vĩnh An, số 1051 Nguyễn Đức Thuận, Tr&acirc;u Quỳ), huyện Gia L&acirc;m.<br />\r\n5: Cầu Ph&ugrave; Đổng &ndash; Cao Tốc H&agrave; Nội &ndash; Lạng Sơn, huyện Gia L&acirc;m.<br />\r\n6: Đ&ecirc; B&aacute;t Tr&agrave;ng &ndash; gầm cầu vượt Thanh Tr&igrave;, huyện Gia L&acirc;m.<br />\r\n7: Gầm cầu Thanh Tr&igrave; &ndash; lối đi Ecopark, quận Long Bi&ecirc;n.<br />\r\n8: N&uacute;t giao Quốc lộ 5B &ndash; Cổ Linh, quận Long Bi&ecirc;n.<br />\r\n9: Đường Đặng Ph&uacute;c Th&ocirc;ng, Gia L&acirc;m.<br />\r\n10: Km 8+100 Quốc lộ 18 &ndash; lối xuống đường V&otilde; Nguy&ecirc;n Gi&aacute;p, huyện S&oacute;c Sơn.<br />\r\n11: Quốc lộ 18 &ndash; lối xuống đường V&otilde; Văn Kiệt, S&oacute;c Sơn. Từ tỉnh H&ograve;a B&igrave;nh về H&agrave; Nội.<br />\r\n12: Km 4224057 đường Hồ Ch&iacute; Minh, thị trấn Xu&acirc;n Mai, Chương Mỹ.<br />\r\n13: Chốt kiểm dịch huyện Chương Mỹ.<br />\r\n14: Đường L&agrave;ng Văn h&oacute;a c&aacute;c d&acirc;n tộc Việt Nam &ndash; cao tốc H&agrave; Nội, H&ograve;a B&igrave;nh, huyện Thạch Thất.<br />\r\n15: Từ tỉnh Ph&uacute; Thọ về H&agrave; Nội, đầu cầu Đồng Quang &ndash; đường 87A, huyện Ba V&igrave;.<br />\r\n16: Đầu cầu Văn Lang &ndash; Quốc lộ 32, huyện Ba V&igrave;.<br />\r\n17: Đầu cầu Trung H&agrave; &ndash; Quốc Lộ 32, huyện Ba V&igrave;. Từ tỉnh Vĩnh Ph&uacute;c về H&agrave; Nội.<br />\r\n18: Đầu cầu Vĩnh Thịnh &ndash; Quốc lộ 32, thị x&atilde; Sơn T&acirc;y.<br />\r\n19: Trạm so&aacute;t v&eacute; BOT quốc lộ 2, huyện S&oacute;c Sơn; &ndash; Chốt 20: Quốc lộ 2 &ndash; đầu v&agrave;o cao tốc H&agrave; Nội, L&agrave;o Cai, huyện S&oacute;c Sơn.<br />\r\n21: Đường Trung t&acirc;m h&agrave;nh ch&iacute;nh huyện M&ecirc; Linh nối Quốc lộ 2 (Đường 100). Từ tỉnh Th&aacute;i Nguy&ecirc;n về H&agrave; Nội.<br />\r\n22: Quốc Lộ 3 &ndash; ng&atilde; ba Nỉ, huyện S&oacute;c Sơn.</p>\r\n\r\n<p style=\"text-align:right\"><em>Vương Tuấn (tổng hợp), ảnh: C&ocirc;ng Thắng</em></p>', 'Chốt kiểm dịch COVID-19, xét nghiệm COVID19', 'xét nghiệm COVID19', 1, 'xetnghiemcovid33.jpg', '2021-07-15'),
(11, 2, 'Tiếng kêu cứu của cậu bé dân tộc Tày ung thư máu', 'tieng-keu-cuu-cua-cau-be-dan-toc-tay-ung-thu-mau', '<p>H&agrave; Nội những ng&agrave;y n&oacute;ng như đổ lửa, PV B&aacute;o Lao Động đến thăm hai mẹ con chị Trần Thị Quỳnh tại Khoa M&aacute;u trẻ em, Viện Huyết học &ndash;&hellip;</p>', '<p>H&agrave; Nội những ng&agrave;y n&oacute;ng như đổ lửa, PV B&aacute;o Lao Động đến thăm hai mẹ con chị Trần Thị Quỳnh tại Khoa M&aacute;u trẻ em, Viện Huyết học &ndash; Truyền m&aacute;u TW. L&agrave; người hiểu v&agrave; nắm được r&otilde; nhất ho&agrave;n cảnh của từng bệnh nh&acirc;n đến viện, Thạc sĩ L&yacute; Thị Hảo &ndash; Trưởng ph&ograve;ng CTXH kh&ocirc;ng khỏi lo lắng khi nhắc đến mẹ con chị Quỳnh: &ldquo;Ch&aacute;u Đo&agrave;n điều trị ở viện mấy năm nay, gia đ&igrave;nh l&agrave; người d&acirc;n tộc T&agrave;y sống ở v&ugrave;ng cao, kinh tế kiệt quệ. Điều khiến ch&uacute;ng t&ocirc;i v&ocirc; c&ugrave;ng ấn tượng l&agrave; nếu chị Quỳnh nhận được suất cơm từ thiện của ai tặng, thấy người đ&oacute;i khổ hơn m&igrave;nh chị sẵn s&agrave;ng &ldquo;nhịn bụng&rdquo; để chia sẻ&rdquo;.</p>\r\n\r\n<p>Sống ở th&ocirc;n 4, x&atilde; Ch&acirc;u Quế Thượng, huyện Văn Y&ecirc;n, tỉnh Y&ecirc;n B&aacute;i, cậu b&eacute; Ho&agrave;ng Văn Đo&agrave;n cũng từng mơ ước sẽ học h&agrave;nh đến nơi đến chốn để lớn l&ecirc;n được ra thủ đ&ocirc; học đại học. N&agrave;o ngờ, em &ldquo;phải&rdquo; về H&agrave; Nội sớm hơn nhiều so với c&aacute;c bạn bởi căn bệnh ung thư m&aacute;u. Nhớ lại những ng&agrave;y đ&oacute;, Đo&agrave;n c&uacute;i mặt, hai h&agrave;ng nước mắt rơm rớm chảy xuống:&nbsp;&ldquo;Cũng l&acirc;u rồi c&ocirc; ạ. Con nhớ ng&agrave;y đ&oacute; đang đi bẻ ng&ocirc; gi&uacute;p bố mẹ ở nương rẫy th&igrave; con ngất đi, kh&ocirc;ng biết g&igrave; nữa, rồi con được đưa xuống bệnh viện. Con biết m&igrave;nh bị ung thư m&aacute;u, kh&ocirc;ng biết sống được đến bao giờ&hellip;&rdquo;.</p>\r\n\r\n<p style=\"text-align:center\"><img alt=\"Trong trí nhớ của em ngày đó khi đang lên rẫy bẻ ngô với bố mẹ thì em ngất đi và được đưa cấp cứu ở bệnh viện cho đến giờ.\" src=\"https://media-cdn.laodong.vn/Storage/NewsPortal/2021/6/24/923665/E703b8fd69f79da9c4e6.jpg\" /></p>\r\n\r\n<p>Bị căn bệnh ung thư m&aacute;u khiến t&iacute;nh mạng của cậu b&eacute; Đo&agrave;n như ngọn đ&egrave;n trước gi&oacute;.&nbsp;</p>\r\n\r\n<p>Nghe Đo&agrave;n t&acirc;m sự, ch&uacute;ng t&ocirc;i cũng quặn l&ograve;ng, nước mắt mằn mặn chảy xuống l&uacute;c n&agrave;o kh&ocirc;ng hay. Em ở đ&acirc;y, trước mặt ch&uacute;ng t&ocirc;i, l&agrave; cậu b&eacute; với &aacute;nh nh&igrave;n &aacute;m ảnh xo&aacute;y s&acirc;u v&agrave;o từng giọt m&aacute;u đang t&iacute; t&aacute;ch chảy xuống. Nhờ c&oacute; những giọt m&aacute;u ấy, thời gian sống của em được k&eacute;o d&agrave;i&hellip; th&ecirc;m từng gi&acirc;y, từng ph&uacute;t.</p>\r\n\r\n<p>Mẹ em, người đ&agrave;n b&agrave; &iacute;t chữ, thương con chị b&aacute;n vội nương ng&ocirc; v&agrave; cả thửa ruộng để c&oacute; được 20 triệu đồng vội v&atilde; theo con xuống bệnh viện. Ng&agrave;y đ&oacute;, ch&iacute;nh chị Quỳnh cũng chưa hiểu &ldquo;ung thư&rdquo; l&agrave; g&igrave; n&ecirc;n mọi thứ c&agrave;ng hoang mang, sợ h&atilde;i khi bao lần chị chứng kiến những em b&eacute; c&ugrave;ng ph&ograve;ng với con trai m&igrave;nh lần lượt ra đi. Chị run rẩy kể lại: &ldquo;C&oacute; những ch&aacute;u mới buổi chiều c&ograve;n ra n&oacute;i chuyện với anh Đo&agrave;n, vậy m&agrave; đ&ecirc;m gia đ&igrave;nh đ&atilde; đưa ch&aacute;u về mai t&aacute;ng rồi. Nh&igrave;n c&aacute;c ch&aacute;u như thế, hai mẹ con chỉ biết &ocirc;m nhau kh&oacute;c th&ocirc;i. Chị sợ lắm, sợ con m&igrave;nh sẽ bỏ m&igrave;nh đi mất&rdquo;.</p>\r\n\r\n<p style=\"text-align:center\"><img alt=\"\" height=\"637\" sizes=\"(max-width: 960px) 100vw, 960px\" src=\"http://vienhuyethoc.vn/wp-content/uploads/2021/06/Hoang-Van-Doan-ung-thu-mau.jpg\" srcset=\"http://vienhuyethoc.vn/wp-content/uploads/2021/06/Hoang-Van-Doan-ung-thu-mau.jpg 960w, http://vienhuyethoc.vn/wp-content/uploads/2021/06/Hoang-Van-Doan-ung-thu-mau-300x199.jpg 300w, http://vienhuyethoc.vn/wp-content/uploads/2021/06/Hoang-Van-Doan-ung-thu-mau-768x510.jpg 768w\" width=\"960\" /></p>\r\n\r\n<p>Chị Quỳnh bị &aacute;m ảnh m&atilde;i bởi c&oacute; nhiều ch&aacute;u ban ng&agrave;y vẫn chơi với Đo&agrave;n, đến đ&ecirc;m gia đ&igrave;nh đ&atilde; cho về nh&agrave; mai t&aacute;ng.</p>\r\n\r\n<p>Lằn ranh giữa sự sống v&agrave; c&aacute;i chết mong manh khiến chị Quỳnh lu&ocirc;n sống trong cảm gi&aacute;c nơm nớp lo sợ. Những đ&ecirc;m d&agrave;i kh&ocirc;ng ngủ, chị nhớ nương ng&ocirc;, nương sắn, nhớ những ng&agrave;y c&ugrave;ng con ăn chung củ khoai luộc rồi đi l&agrave;m, nhớ cả nụ cười của con gi&ograve;n tan tr&ecirc;n rẫy. Mọi thứ qua rồi, hiện tại của chị l&agrave; t&iacute;nh mạng của con trai đang đếm ngược từng ng&agrave;y.</p>\r\n\r\n<p>L&agrave; người trực tiếp điều trị cho ch&aacute;u Đo&agrave;n, b&aacute;c sĩ Trần Thu Thủy &ndash; Khoa M&aacute;u trẻ em, Viện Huyết học &ndash; Truyền m&aacute;u TW v&ocirc; c&ugrave;ng &aacute;i ngại khi nhắc đến em: &ldquo;Ch&aacute;u Đo&agrave;n bị ung thư m&aacute;u thể Lơ x&ecirc; mi cấp thể L2 v&agrave; đ&atilde; điều trị nhiều lần. Hiện tại ch&aacute;u đang bị t&aacute;i bệnh lần 3, đang điều trị h&oacute;a chất với ti&ecirc;n lượng kh&ocirc;ng tốt. Ở khoa, ch&uacute;ng t&ocirc;i rất thương x&oacute;t cho ho&agrave;n cảnh của ch&aacute;u v&agrave; cũng mong muốn ch&aacute;u được mọi người hỗ trợ, gi&uacute;p đỡ&rdquo;.</p>\r\n\r\n<p style=\"text-align:center\"><img alt=\"\" height=\"592\" sizes=\"(max-width: 888px) 100vw, 888px\" src=\"http://vienhuyethoc.vn/wp-content/uploads/2021/06/Hoang-Van-Doan-ung-thu-mau-1.jpg\" srcset=\"http://vienhuyethoc.vn/wp-content/uploads/2021/06/Hoang-Van-Doan-ung-thu-mau-1.jpg 888w, http://vienhuyethoc.vn/wp-content/uploads/2021/06/Hoang-Van-Doan-ung-thu-mau-1-300x200.jpg 300w, http://vienhuyethoc.vn/wp-content/uploads/2021/06/Hoang-Van-Doan-ung-thu-mau-1-768x512.jpg 768w\" width=\"888\" /></p>\r\n\r\n<p>Đo&agrave;n nhớ từng nương ng&ocirc;, nương sắn, nhớ những ng&agrave;y c&ugrave;ng mẹ ăn chung củ khoai luộc rồi đi l&agrave;m&nbsp;</p>\r\n\r\n<p>Hiểu hết những điều b&aacute;c sĩ n&oacute;i, n&ecirc;n hai mẹ con c&agrave;ng lo sợ hơn. Kh&ocirc;ng hiểu nghe ai kể chuyện, chị Quỳnh hỏi ch&uacute;ng t&ocirc;i về việc hiến thận để mong c&oacute; ch&uacute;t tiền điều trị cho con c&ograve;n cậu b&eacute; Đo&agrave;n th&igrave; tha thiết được sống. Giọng em khe khẽ, nh&igrave;n ch&uacute;ng t&ocirc;i khi ch&agrave;o ra về: &ldquo;Xin c&aacute;c c&ocirc; ch&uacute; cứu con, cho con được sống&rdquo;.</p>\r\n\r\n<table>\r\n	<tbody>\r\n		<tr>\r\n			<td>\r\n			<p>Mọi sự gi&uacute;p đỡ gia đ&igrave;nh ch&aacute;u Ho&agrave;ng Văn Đo&agrave;n xin gửi về Quỹ XHTT Tấm l&ograve;ng V&agrave;ng, số 51 H&agrave;ng Bồ, Ho&agrave;n Kiếm, H&agrave; Nội.</p>\r\n\r\n			<p>Điện thoại: 024.39232748 &ndash; Số t&agrave;i khoản (STK): 113000000758 tại Vietinbank Chi nh&aacute;nh Ho&agrave;n Kiếm, H&agrave; Nội. STK: 0021000303088 &ndash; tại Vietcombank &ndash; Chi nh&aacute;nh H&agrave; Nội, STK: 12410001122556 &ndash; tại BIDV &ndash; Chi nh&aacute;nh Ho&agrave;n Kiếm.</p>\r\n\r\n			<p>Hoặc ủng hộ trực tiếp đến M&atilde; số: LD 21119: Ủng hộ ch&aacute;u Ho&agrave;ng Văn Đo&agrave;n. Địa chỉ: Th&ocirc;n 4, x&atilde; Ch&acirc;u Quế Thượng, huyện Văn Y&ecirc;n, tỉnh Y&ecirc;n B&aacute;i. Hiện tại ch&aacute;u đang điều trị tại Khoa M&aacute;u trẻ em, Viện Huyết học Truyền m&aacute;u TW.</p>\r\n\r\n			<p>Điện thoại: 0399236175 (Chị Trần Thị Quỳnh &ndash; mẹ ch&aacute;u Đo&agrave;n) &ndash;&nbsp;Số t&agrave;i khoản: 8706205231691. Chủ TK: Trần Thị Quỳnh, Ng&acirc;n h&agrave;ng Agribank, chi nh&aacute;nh huyện Văn Y&ecirc;n, Y&ecirc;n B&aacute;i.</p>\r\n			</td>\r\n		</tr>\r\n	</tbody>\r\n</table>\r\n\r\n<p style=\"text-align:right\">Theo B&aacute;o Lao động</p>', 'bệnh nhân ung thư máu', 'bệnh nhân ung thư máu', 1, 'Hoang-Van-Doan-ung-thu-mau-134.jpg', '2021-07-15');
INSERT INTO `tbl_news` (`news_id`, `category_news_id`, `news_title`, `news_slug`, `news_desc`, `news_content`, `news_meta_des`, `news_meta_keysword`, `news_meta_status`, `news_image`, `news_date`) VALUES
(12, 2, '“Tinh thần người bệnh chiếm đến 50% hiệu quả trong quá trình điều trị của chúng tôi”', 'tinh-than-nguoi-benh-chiem-den-50--hieu-qua-trong-qua-trinh-dieu-tri-cua-chung-toi', '<p>&ldquo;Mỗi lần v&agrave;o viện nh&igrave;n thấy c&aacute;c b&eacute; cứ lủng lẳng d&acirc;y treo tr&ecirc;n người t&ocirc;i thấy rất thương v&agrave; bản th&acirc;n muốn l&agrave;m điều g&igrave; đấy d&ugrave; rất nhỏ&hellip;</p>', '<p><strong>&ldquo;Mỗi lần v&agrave;o viện nh&igrave;n thấy c&aacute;c b&eacute; cứ lủng lẳng d&acirc;y treo tr&ecirc;n người t&ocirc;i thấy rất thương v&agrave; bản th&acirc;n muốn l&agrave;m điều g&igrave; đấy d&ugrave; rất nhỏ để động vi&ecirc;n bố mẹ, &ocirc;ng b&agrave; của c&aacute;c b&eacute; v&agrave; mang đến cho c&aacute;c b&eacute; niềm vui, niềm hạnh ph&uacute;c&rdquo; &ndash; t&acirc;m sự đầy x&uacute;c động của b&agrave; Nguyễn Thị Thu Hồng, Nguy&ecirc;n Ph&oacute; chủ tịch Tổng li&ecirc;n đo&agrave;n Lao động Việt Nam.</strong></p>\r\n\r\n<p style=\"text-align:center\"><img alt=\"\" height=\"667\" sizes=\"(max-width: 1000px) 100vw, 1000px\" src=\"http://vienhuyethoc.vn/wp-content/uploads/2021/03/295A8968.jpg\" srcset=\"http://vienhuyethoc.vn/wp-content/uploads/2021/03/295A8968.jpg 1000w, http://vienhuyethoc.vn/wp-content/uploads/2021/03/295A8968-300x200.jpg 300w, http://vienhuyethoc.vn/wp-content/uploads/2021/03/295A8968-768x512.jpg 768w\" width=\"1000\" /></p>\r\n\r\n<p style=\"text-align:center\"><em>Đại biểu tham dự chương tr&igrave;nh</em></p>\r\n\r\n<p>Với mong muốn mang lại cho bệnh nhi v&agrave; gia đ&igrave;nh người bệnh nguồn động lực tinh thần to lớn từ x&atilde; hội, ng&agrave;y 18/3, chương tr&igrave;nh &ldquo;Trao qu&agrave; đầu xu&acirc;n T&acirc;n Sửu &ndash; 2021 cho bệnh nhi điều trị tại Viện Huyết học &ndash; Truyền m&aacute;u Trung ương&rdquo; đ&atilde; được tổ chức v&agrave; trao tặng nhiều suất qu&agrave; từ thiện v&ocirc; c&ugrave;ng &yacute; nghĩa cho hơn 100 gia đ&igrave;nh bệnh nhi tại Viện.</p>\r\n\r\n<p>Chương tr&igrave;nh do b&agrave; Nguyễn Thị Thu Hồng, Nguy&ecirc;n Ph&oacute; chủ tịch Tổng li&ecirc;n đo&agrave;n Lao động Việt Nam chủ tr&igrave; với sự tham gia của C&ocirc;ng đo&agrave;n C&ocirc;ng thương Việt Nam, C&ocirc;ng đo&agrave;n Ng&acirc;n h&agrave;ng TMCP Đầu tư v&agrave; Ph&aacute;t triển Việt Nam, C&ocirc;ng đo&agrave;n Ng&acirc;n h&agrave;ng TMCP Ngoại thương Việt Nam, C&ocirc;ng đo&agrave;n Ng&acirc;n h&agrave;ng TMCP C&ocirc;ng thương Việt Nam v&agrave; nhiều tổ chức đơn vị kh&aacute;c.</p>\r\n\r\n<p style=\"text-align:center\"><img alt=\"\" height=\"658\" sizes=\"(max-width: 1000px) 100vw, 1000px\" src=\"http://vienhuyethoc.vn/wp-content/uploads/2021/03/295A8979.jpg\" srcset=\"http://vienhuyethoc.vn/wp-content/uploads/2021/03/295A8979.jpg 1000w, http://vienhuyethoc.vn/wp-content/uploads/2021/03/295A8979-300x197.jpg 300w, http://vienhuyethoc.vn/wp-content/uploads/2021/03/295A8979-768x505.jpg 768w\" width=\"1000\" /></p>\r\n\r\n<p style=\"text-align:center\"><em>B&agrave; Nguyễn Thị Thu Hồng, Nguy&ecirc;n Ph&oacute; chủ tịch Tổng li&ecirc;n đo&agrave;n Lao động Việt Nam</em></p>\r\n\r\n<p>L&agrave; người đưa phong tr&agrave;o hiến m&aacute;u đến với c&aacute;n bộ, c&ocirc;ng chức, vi&ecirc;n chức v&agrave; lu&ocirc;n gắn b&oacute; với c&aacute;c hoạt động thiện nguyện trong cộng đồng, b&agrave; Nguyễn Thị Thu Hồng chia sẻ: &ldquo;Mặc d&ugrave; đ&atilde; 60 tuổi v&agrave; nghỉ hưu nhưng t&ocirc;i vẫn c&oacute; niềm đam m&ecirc; với c&ocirc;ng t&aacute;c an sinh x&atilde; hội. V&agrave; thật may mắn khi niềm đam m&ecirc; ấy được chắp c&aacute;nh, được sự y&ecirc;u thương v&agrave; ủng hộ của c&aacute;c đại diện ban l&atilde;nh đạo ng&acirc;n h&agrave;ng, c&aacute;c đơn vị đang c&oacute; mặt tại chương tr&igrave;nh. Tinh thần thiện nguyện đ&oacute; đ&atilde; c&oacute; trong tr&aacute;i tim c&aacute;c qu&yacute; vị v&agrave; t&ocirc;i l&agrave; người kết nối những tấm l&ograve;ng nh&acirc;n đạo ấy&rdquo;.</p>\r\n\r\n<p>Với truyền thống 10 năm tổ chức, chương tr&igrave;nh Xu&acirc;n y&ecirc;u thương lu&ocirc;n diễn ra trong kh&ocirc;ng kh&iacute; trang trọng nhưng ấm c&uacute;ng, th&acirc;n t&igrave;nh nhưng lịch sự, thể hiện sự tr&acirc;n trọng tấm l&ograve;ng nh&acirc;n &aacute;i của c&aacute;c nh&agrave; t&agrave;i trợ, mang đến những m&oacute;n qu&agrave; nhỏ nhưng đầy &yacute; nghĩa d&agrave;nh cho c&aacute;c bệnh nhi c&ugrave;ng gia đ&igrave;nh người bệnh.</p>\r\n\r\n<table>\r\n	<tbody>\r\n		<tr>\r\n			<td><img alt=\"\" height=\"667\" sizes=\"(max-width: 1000px) 100vw, 1000px\" src=\"http://vienhuyethoc.vn/wp-content/uploads/2021/03/295A9000.jpg\" srcset=\"http://vienhuyethoc.vn/wp-content/uploads/2021/03/295A9000.jpg 1000w, http://vienhuyethoc.vn/wp-content/uploads/2021/03/295A9000-300x200.jpg 300w, http://vienhuyethoc.vn/wp-content/uploads/2021/03/295A9000-768x512.jpg 768w\" width=\"1000\" /></td>\r\n			<td><img alt=\"\" height=\"667\" sizes=\"(max-width: 1000px) 100vw, 1000px\" src=\"http://vienhuyethoc.vn/wp-content/uploads/2021/03/295A9043.jpg\" srcset=\"http://vienhuyethoc.vn/wp-content/uploads/2021/03/295A9043.jpg 1000w, http://vienhuyethoc.vn/wp-content/uploads/2021/03/295A9043-300x200.jpg 300w, http://vienhuyethoc.vn/wp-content/uploads/2021/03/295A9043-768x512.jpg 768w\" width=\"1000\" /></td>\r\n		</tr>\r\n		<tr>\r\n			<td><img alt=\"\" height=\"667\" sizes=\"(max-width: 1000px) 100vw, 1000px\" src=\"http://vienhuyethoc.vn/wp-content/uploads/2021/03/295A9011.jpg\" srcset=\"http://vienhuyethoc.vn/wp-content/uploads/2021/03/295A9011.jpg 1000w, http://vienhuyethoc.vn/wp-content/uploads/2021/03/295A9011-300x200.jpg 300w, http://vienhuyethoc.vn/wp-content/uploads/2021/03/295A9011-768x512.jpg 768w\" width=\"1000\" /></td>\r\n			<td><img alt=\"\" height=\"667\" sizes=\"(max-width: 1000px) 100vw, 1000px\" src=\"http://vienhuyethoc.vn/wp-content/uploads/2021/03/295A9030.jpg\" srcset=\"http://vienhuyethoc.vn/wp-content/uploads/2021/03/295A9030.jpg 1000w, http://vienhuyethoc.vn/wp-content/uploads/2021/03/295A9030-300x200.jpg 300w, http://vienhuyethoc.vn/wp-content/uploads/2021/03/295A9030-768x512.jpg 768w\" width=\"1000\" /></td>\r\n		</tr>\r\n	</tbody>\r\n</table>\r\n\r\n<p style=\"text-align:center\"><em>Đại diện c&aacute;c đơn vị t&agrave;i trợ tặng qu&agrave; cho người bệnh</em></p>\r\n\r\n<p>Ghi nhận những đ&oacute;ng g&oacute;p to lớn ấy, TS.BS. Bạch Quốc Kh&aacute;nh, Viện trưởng Viện Huyết học &ndash; Truyền m&aacute;u Trung ương gửi lời cảm ơn ch&acirc;n th&agrave;nh đến c&aacute;c nh&agrave; t&agrave;i trợ: &ldquo;Thay mặt cho Viện v&agrave; người bệnh, t&ocirc;i xin cảm ơn những m&oacute;n qu&agrave; của c&aacute;c tổ chức, đơn vị. Sự gi&uacute;p đỡ ấy l&agrave; rất qu&yacute;, vật chất chỉ l&agrave; một phần nhưng c&acirc;u chuyện tinh thần mới đ&aacute;ng tr&acirc;n trọng, v&igrave; tinh thần người bệnh chiếm đến 50% hiệu quả trong qu&aacute; tr&igrave;nh điều trị của ch&uacute;ng t&ocirc;i&rdquo;.</p>\r\n\r\n<p style=\"text-align:center\"><img alt=\"\" height=\"667\" sizes=\"(max-width: 1000px) 100vw, 1000px\" src=\"http://vienhuyethoc.vn/wp-content/uploads/2021/03/295A8919.jpg\" srcset=\"http://vienhuyethoc.vn/wp-content/uploads/2021/03/295A8919.jpg 1000w, http://vienhuyethoc.vn/wp-content/uploads/2021/03/295A8919-300x200.jpg 300w, http://vienhuyethoc.vn/wp-content/uploads/2021/03/295A8919-768x512.jpg 768w\" width=\"1000\" /></p>\r\n\r\n<p style=\"text-align:center\"><em>TS.BS. Bạch Quốc Kh&aacute;nh, Viện trưởng Viện Huyết học &ndash; Truyền m&aacute;u Trung ương ph&aacute;t biểu cảm ơn&nbsp;</em></p>\r\n\r\n<p>Ph&aacute;t biểu tại chương tr&igrave;nh, b&agrave; Nguyễn Thị Kh&aacute;nh Chi, Ph&oacute; Chủ tịch C&ocirc;ng đo&agrave;n Ng&acirc;n h&agrave;ng Việt Nam cho biết: &ldquo;Sự chuẩn bị chu đ&aacute;o v&agrave; chuy&ecirc;n nghiệp của chương tr&igrave;nh gi&uacute;p ch&uacute;ng t&ocirc;i c&oacute; th&ecirc;m niềm tin v&agrave; động lực để vận động c&aacute;c nguồn lực trong ng&agrave;nh ng&acirc;n h&agrave;ng ủng hộ những bệnh nh&acirc;n đặc biệt kh&oacute; khăn qua đ&oacute; đồng h&agrave;nh c&ugrave;ng với nh&acirc;n vi&ecirc;n y tế của Viện Huyết học &ndash; Truyền m&aacute;u Trung ương, những người đang ng&agrave;y đ&ecirc;m thực hiện c&ocirc;ng t&aacute;c điều trị, chăm s&oacute;c cho người bệnh&rdquo;.</p>\r\n\r\n<p style=\"text-align:center\"><img alt=\"\" height=\"667\" sizes=\"(max-width: 1000px) 100vw, 1000px\" src=\"http://vienhuyethoc.vn/wp-content/uploads/2021/03/295A8951.jpg\" srcset=\"http://vienhuyethoc.vn/wp-content/uploads/2021/03/295A8951.jpg 1000w, http://vienhuyethoc.vn/wp-content/uploads/2021/03/295A8951-300x200.jpg 300w, http://vienhuyethoc.vn/wp-content/uploads/2021/03/295A8951-768x512.jpg 768w\" width=\"1000\" /></p>\r\n\r\n<p style=\"text-align:center\"><em>B&agrave; Nguyễn Thị Kh&aacute;nh Chi, Ph&oacute; Chủ tịch C&ocirc;ng đo&agrave;n Ng&acirc;n h&agrave;ng Việt Nam</em></p>\r\n\r\n<p>L&agrave; một trong 4 ng&acirc;n h&agrave;ng thương mại lớn nhất cả nước, b&ecirc;n cạnh việc kinh doanh thực hiện nhiệm vụ của ch&iacute;nh phủ v&agrave; nh&agrave; nước, &ldquo;ch&uacute;ng t&ocirc;i lu&ocirc;n x&aacute;c định tr&aacute;ch nhiệm x&atilde; hội của m&igrave;nh đối với to&agrave;n thể cộng đồng, đặc biệt quan t&acirc;m đến người d&acirc;n, chia sẻ kh&oacute; khăn v&agrave; động vi&ecirc;n tinh thần người bệnh v&agrave; gia đ&igrave;nh bệnh nh&acirc;n c&oacute; ho&agrave;n cảnh kh&oacute; khăn&rdquo; &ndash; &ocirc;ng Trần Xu&acirc;n Ho&agrave;ng, Chủ tịch C&ocirc;ng đo&agrave;n Ng&acirc;n h&agrave;ng Đầu tư v&agrave; Ph&aacute;t triển Việt Nam chia sẻ.</p>\r\n\r\n<p style=\"text-align:center\"><img alt=\"\" height=\"667\" sizes=\"(max-width: 1000px) 100vw, 1000px\" src=\"http://vienhuyethoc.vn/wp-content/uploads/2021/03/295A8900.jpg\" srcset=\"http://vienhuyethoc.vn/wp-content/uploads/2021/03/295A8900.jpg 1000w, http://vienhuyethoc.vn/wp-content/uploads/2021/03/295A8900-300x200.jpg 300w, http://vienhuyethoc.vn/wp-content/uploads/2021/03/295A8900-768x512.jpg 768w\" width=\"1000\" /></p>\r\n\r\n<p style=\"text-align:center\"><em>&Ocirc;ng Trần Xu&acirc;n Ho&agrave;ng, Chủ tịch C&ocirc;ng đo&agrave;n Ng&acirc;n h&agrave;ng Đầu tư v&agrave; Ph&aacute;t triển Việt Nam</em></p>\r\n\r\n<p>Chương tr&igrave;nh l&agrave; hoạt động thường ni&ecirc;n &yacute; nghĩa của c&aacute;c tổ chức C&ocirc;ng đo&agrave;n Ng&acirc;n h&agrave;ng v&agrave; c&aacute;c đơn vị kh&aacute;c phối hợp với Viện Huyết học &ndash; Truyền m&aacute;u Trung ương d&agrave;nh cho c&aacute;c bệnh nhi đang điều trị tại Viện. Viện Huyết học &ndash; Truyền m&aacute;u Trung ương hy vọng sẽ tiếp tục đồng h&agrave;nh c&ugrave;ng với c&aacute;c đơn vị trong thời gian tới, mang đến những &ldquo;niềm hạnh ph&uacute;c đầu xu&acirc;n&rdquo; nối d&agrave;i v&agrave; ấm &aacute;p hơn nữa để tiếp th&ecirc;m nghị lực cho c&aacute;c bệnh nh&acirc;n c&oacute; ho&agrave;n cảnh kh&oacute; khăn của Viện.</p>\r\n\r\n<table>\r\n	<tbody>\r\n		<tr>\r\n			<td><img alt=\"\" height=\"667\" sizes=\"(max-width: 1000px) 100vw, 1000px\" src=\"http://vienhuyethoc.vn/wp-content/uploads/2021/03/295A8906.jpg\" srcset=\"http://vienhuyethoc.vn/wp-content/uploads/2021/03/295A8906.jpg 1000w, http://vienhuyethoc.vn/wp-content/uploads/2021/03/295A8906-300x200.jpg 300w, http://vienhuyethoc.vn/wp-content/uploads/2021/03/295A8906-768x512.jpg 768w\" width=\"1000\" /></td>\r\n			<td><img alt=\"\" height=\"667\" sizes=\"(max-width: 1000px) 100vw, 1000px\" src=\"http://vienhuyethoc.vn/wp-content/uploads/2021/03/295A8991.jpg\" srcset=\"http://vienhuyethoc.vn/wp-content/uploads/2021/03/295A8991.jpg 1000w, http://vienhuyethoc.vn/wp-content/uploads/2021/03/295A8991-300x200.jpg 300w, http://vienhuyethoc.vn/wp-content/uploads/2021/03/295A8991-768x512.jpg 768w\" width=\"1000\" /></td>\r\n		</tr>\r\n	</tbody>\r\n</table>\r\n\r\n<p><img alt=\"\" height=\"667\" sizes=\"(max-width: 1000px) 100vw, 1000px\" src=\"http://vienhuyethoc.vn/wp-content/uploads/2021/03/295A8931.jpg\" srcset=\"http://vienhuyethoc.vn/wp-content/uploads/2021/03/295A8931.jpg 1000w, http://vienhuyethoc.vn/wp-content/uploads/2021/03/295A8931-300x200.jpg 300w, http://vienhuyethoc.vn/wp-content/uploads/2021/03/295A8931-768x512.jpg 768w\" width=\"1000\" /></p>\r\n\r\n<table>\r\n	<tbody>\r\n		<tr>\r\n			<td><img alt=\"\" height=\"667\" sizes=\"(max-width: 1000px) 100vw, 1000px\" src=\"http://vienhuyethoc.vn/wp-content/uploads/2021/03/295A8940.jpg\" srcset=\"http://vienhuyethoc.vn/wp-content/uploads/2021/03/295A8940.jpg 1000w, http://vienhuyethoc.vn/wp-content/uploads/2021/03/295A8940-300x200.jpg 300w, http://vienhuyethoc.vn/wp-content/uploads/2021/03/295A8940-768x512.jpg 768w\" width=\"1000\" /></td>\r\n			<td><img alt=\"\" height=\"644\" sizes=\"(max-width: 1000px) 100vw, 1000px\" src=\"http://vienhuyethoc.vn/wp-content/uploads/2021/03/295A8947.jpg\" srcset=\"http://vienhuyethoc.vn/wp-content/uploads/2021/03/295A8947.jpg 1000w, http://vienhuyethoc.vn/wp-content/uploads/2021/03/295A8947-300x193.jpg 300w, http://vienhuyethoc.vn/wp-content/uploads/2021/03/295A8947-768x495.jpg 768w\" width=\"1000\" /></td>\r\n		</tr>\r\n	</tbody>\r\n</table>\r\n\r\n<p style=\"text-align:center\"><em>C&aacute;c đơn vị trao biển qu&agrave; tượng trưng cho người bệnh đang điều trị tại Viện Huyết học &ndash; Truyền m&aacute;u Trung ương</em></p>\r\n\r\n<table>\r\n	<tbody>\r\n		<tr>\r\n			<td><img alt=\"\" height=\"667\" sizes=\"(max-width: 1000px) 100vw, 1000px\" src=\"http://vienhuyethoc.vn/wp-content/uploads/2021/03/295A9054.jpg\" srcset=\"http://vienhuyethoc.vn/wp-content/uploads/2021/03/295A9054.jpg 1000w, http://vienhuyethoc.vn/wp-content/uploads/2021/03/295A9054-300x200.jpg 300w, http://vienhuyethoc.vn/wp-content/uploads/2021/03/295A9054-768x512.jpg 768w\" width=\"1000\" /></td>\r\n			<td><img alt=\"\" height=\"667\" sizes=\"(max-width: 1000px) 100vw, 1000px\" src=\"http://vienhuyethoc.vn/wp-content/uploads/2021/03/295A9041.jpg\" srcset=\"http://vienhuyethoc.vn/wp-content/uploads/2021/03/295A9041.jpg 1000w, http://vienhuyethoc.vn/wp-content/uploads/2021/03/295A9041-300x200.jpg 300w, http://vienhuyethoc.vn/wp-content/uploads/2021/03/295A9041-768x512.jpg 768w\" width=\"1000\" /></td>\r\n		</tr>\r\n		<tr>\r\n			<td><img alt=\"\" height=\"667\" sizes=\"(max-width: 1000px) 100vw, 1000px\" src=\"http://vienhuyethoc.vn/wp-content/uploads/2021/03/295A9031.jpg\" srcset=\"http://vienhuyethoc.vn/wp-content/uploads/2021/03/295A9031.jpg 1000w, http://vienhuyethoc.vn/wp-content/uploads/2021/03/295A9031-300x200.jpg 300w, http://vienhuyethoc.vn/wp-content/uploads/2021/03/295A9031-768x512.jpg 768w\" width=\"1000\" /></td>\r\n			<td><img alt=\"\" height=\"667\" sizes=\"(max-width: 1000px) 100vw, 1000px\" src=\"http://vienhuyethoc.vn/wp-content/uploads/2021/03/295A9017.jpg\" srcset=\"http://vienhuyethoc.vn/wp-content/uploads/2021/03/295A9017.jpg 1000w, http://vienhuyethoc.vn/wp-content/uploads/2021/03/295A9017-300x200.jpg 300w, http://vienhuyethoc.vn/wp-content/uploads/2021/03/295A9017-768x512.jpg 768w\" width=\"1000\" /></td>\r\n		</tr>\r\n	</tbody>\r\n</table>\r\n\r\n<p><img alt=\"\" height=\"667\" sizes=\"(max-width: 1000px) 100vw, 1000px\" src=\"http://vienhuyethoc.vn/wp-content/uploads/2021/03/295A9112.jpg\" srcset=\"http://vienhuyethoc.vn/wp-content/uploads/2021/03/295A9112.jpg 1000w, http://vienhuyethoc.vn/wp-content/uploads/2021/03/295A9112-300x200.jpg 300w, http://vienhuyethoc.vn/wp-content/uploads/2021/03/295A9112-768x512.jpg 768w\" width=\"1000\" /></p>\r\n\r\n<p style=\"text-align:center\"><em>Viện Huyết học &ndash; Truyền m&aacute;u Trung ương trao giấy chứng nhận tham gia hoạt động từ thiện nh&acirc;n đạo cho đại diện c&aacute;c đơn vị</em></p>\r\n\r\n<p style=\"text-align:right\"><em>Vương Tuấn &ndash; Tạ Uy&ecirc;n</em></p>', 'Công tác xã hội, Tặng quà người bệnh, Từ thiện nhân đạo', 'Từ thiện nhân đạo', 1, '295A901140.jpg', '2021-07-15'),
(13, 2, 'Ấm áp những chuyến xe đưa người bệnh về quê ăn Tết', 'am-ap-nhung-chuyen-xe-dua-nguoi-benh-ve-que-an-tet', '<p>Đ&atilde; nhiều năm nay, với sự hỗ trợ của c&aacute;c nh&agrave; hảo t&acirc;m, Viện Huyết học &ndash; Truyền m&aacute;u TW đều tổ chức những chuyến xe miễn ph&iacute; đưa người&hellip;</p>', '<p>Đ&atilde; nhiều năm nay, với sự hỗ trợ của c&aacute;c nh&agrave; hảo t&acirc;m, Viện Huyết học &ndash; Truyền m&aacute;u TW đều tổ chức những chuyến xe miễn ph&iacute; đưa người bệnh về qu&ecirc; ăn Tết.&nbsp;Đ&acirc;y l&agrave; những chuyến xe thật sự &yacute; nghĩa, gi&uacute;p người bệnh vơi đi vất vả, mệt mỏi khi phải di chuyển qua nhiều chặng, kh&ocirc;ng phải chen lấn nơi bến xe đ&ocirc;ng đ&uacute;c.</p>\r\n\r\n<p>Đặc biệt, trong điều kiện dịch bệnh Covid-19, việc người bệnh được đ&oacute;n về nh&agrave; ngay tại Viện c&ograve;n hạn chế đ&aacute;ng kể nguy cơ tiếp x&uacute;c. Người bệnh tr&ecirc;n mỗi chuyến xe cũng cảm thấy ấm l&ograve;ng khi được nhận những suất ăn trưa c&ugrave;ng những phần qu&agrave; ấm &aacute;p t&igrave;nh người.</p>\r\n\r\n<p><img alt=\"\" height=\"3840\" sizes=\"(max-width: 5760px) 100vw, 5760px\" src=\"http://vienhuyethoc.vn/wp-content/uploads/2021/02/Chuyen-xe-mien-phi-dua-benh-nha-ve-que-an-Tet-vien-Huyet-hoc-5.jpg\" srcset=\"http://vienhuyethoc.vn/wp-content/uploads/2021/02/Chuyen-xe-mien-phi-dua-benh-nha-ve-que-an-Tet-vien-Huyet-hoc-5.jpg 5760w, http://vienhuyethoc.vn/wp-content/uploads/2021/02/Chuyen-xe-mien-phi-dua-benh-nha-ve-que-an-Tet-vien-Huyet-hoc-5-300x200.jpg 300w, http://vienhuyethoc.vn/wp-content/uploads/2021/02/Chuyen-xe-mien-phi-dua-benh-nha-ve-que-an-Tet-vien-Huyet-hoc-5-768x512.jpg 768w, http://vienhuyethoc.vn/wp-content/uploads/2021/02/Chuyen-xe-mien-phi-dua-benh-nha-ve-que-an-Tet-vien-Huyet-hoc-5-1024x683.jpg 1024w\" width=\"5760\" /></p>\r\n\r\n<p>Đi tr&ecirc;n chuyến xe về Thanh H&oacute;a c&oacute; gia đ&igrave;nh hai anh em Nguyễn Tất Nh&acirc;n &ndash; Nguyễn Tất Hiếu. Gần 20 năm nay, bố mẹ của Tất Nh&acirc;n &ndash; Tất Hiếu vất vả ngược xu&ocirc;i đưa hai con đi điều trị bệnh Hemophilia. Do cuộc sống ở qu&ecirc; qu&aacute; kh&oacute; khăn, việc l&agrave;m đồng &aacute;ng chẳng thể gi&uacute;p hai b&aacute;c c&oacute; tiền đưa con đi Viện n&ecirc;n khoảng 10 năm nay, cả gia đ&igrave;nh Nh&acirc;n &ndash; Hiếu quyết định chuyển l&ecirc;n H&agrave; Nội. Cả nh&agrave; hai em ở trong một căn ph&ograve;ng trọ chật hẹp gần Viện Huyết học &ndash; Truyền m&aacute;u TW. Hai b&aacute;c kiếm sống bằng việc b&aacute;n h&agrave;ng rong c&ograve;n những ng&agrave;y kh&ocirc;ng phải đi viện, hai anh em Nh&acirc;n &ndash; Hiếu đi đ&aacute;nh gi&agrave;y ở cổng viện. Đến cuối năm l&agrave; dịp để cả gia đ&igrave;nh được về qu&ecirc;, dọn dẹp căn nh&agrave; quanh năm vắng b&oacute;ng người v&agrave; c&ugrave;ng đ&oacute;n Tết. Gia đ&igrave;nh b&aacute;c rất cảm động khi được trở về nh&agrave; tr&ecirc;n chuyến xe y&ecirc;u thương n&agrave;y.</p>\r\n\r\n<p><img alt=\"\" height=\"3840\" sizes=\"(max-width: 5760px) 100vw, 5760px\" src=\"http://vienhuyethoc.vn/wp-content/uploads/2021/02/Chuyen-xe-mien-phi-dua-benh-nha-ve-que-an-Tet-vien-Huyet-hoc-3.jpg\" srcset=\"http://vienhuyethoc.vn/wp-content/uploads/2021/02/Chuyen-xe-mien-phi-dua-benh-nha-ve-que-an-Tet-vien-Huyet-hoc-3.jpg 5760w, http://vienhuyethoc.vn/wp-content/uploads/2021/02/Chuyen-xe-mien-phi-dua-benh-nha-ve-que-an-Tet-vien-Huyet-hoc-3-300x200.jpg 300w, http://vienhuyethoc.vn/wp-content/uploads/2021/02/Chuyen-xe-mien-phi-dua-benh-nha-ve-que-an-Tet-vien-Huyet-hoc-3-768x512.jpg 768w, http://vienhuyethoc.vn/wp-content/uploads/2021/02/Chuyen-xe-mien-phi-dua-benh-nha-ve-que-an-Tet-vien-Huyet-hoc-3-1024x683.jpg 1024w\" width=\"5760\" /></p>\r\n\r\n<p style=\"text-align:center\"><em>Gia đ&igrave;nh hai anh em bị bệnh Hemphilia Nguyễn Tất Nh&acirc;n &ndash; Nguyễn Tất Hiếu được về qu&ecirc; ăn Tết sau cả năm sống xa qu&ecirc;</em></p>\r\n\r\n<p><img alt=\"\" height=\"3840\" sizes=\"(max-width: 5760px) 100vw, 5760px\" src=\"http://vienhuyethoc.vn/wp-content/uploads/2021/02/Chuyen-xe-mien-phi-dua-benh-nha-ve-que-an-Tet-vien-Huyet-hoc-6.jpg\" srcset=\"http://vienhuyethoc.vn/wp-content/uploads/2021/02/Chuyen-xe-mien-phi-dua-benh-nha-ve-que-an-Tet-vien-Huyet-hoc-6.jpg 5760w, http://vienhuyethoc.vn/wp-content/uploads/2021/02/Chuyen-xe-mien-phi-dua-benh-nha-ve-que-an-Tet-vien-Huyet-hoc-6-300x200.jpg 300w, http://vienhuyethoc.vn/wp-content/uploads/2021/02/Chuyen-xe-mien-phi-dua-benh-nha-ve-que-an-Tet-vien-Huyet-hoc-6-768x512.jpg 768w, http://vienhuyethoc.vn/wp-content/uploads/2021/02/Chuyen-xe-mien-phi-dua-benh-nha-ve-que-an-Tet-vien-Huyet-hoc-6-1024x683.jpg 1024w\" width=\"5760\" /></p>\r\n\r\n<p><img alt=\"\" height=\"3840\" sizes=\"(max-width: 5760px) 100vw, 5760px\" src=\"http://vienhuyethoc.vn/wp-content/uploads/2021/02/Chuyen-xe-mien-phi-dua-benh-nha-ve-que-an-Tet-vien-Huyet-hoc-12.jpg\" srcset=\"http://vienhuyethoc.vn/wp-content/uploads/2021/02/Chuyen-xe-mien-phi-dua-benh-nha-ve-que-an-Tet-vien-Huyet-hoc-12.jpg 5760w, http://vienhuyethoc.vn/wp-content/uploads/2021/02/Chuyen-xe-mien-phi-dua-benh-nha-ve-que-an-Tet-vien-Huyet-hoc-12-300x200.jpg 300w, http://vienhuyethoc.vn/wp-content/uploads/2021/02/Chuyen-xe-mien-phi-dua-benh-nha-ve-que-an-Tet-vien-Huyet-hoc-12-768x512.jpg 768w, http://vienhuyethoc.vn/wp-content/uploads/2021/02/Chuyen-xe-mien-phi-dua-benh-nha-ve-que-an-Tet-vien-Huyet-hoc-12-1024x683.jpg 1024w\" width=\"5760\" /></p>\r\n\r\n<p style=\"text-align:center\"><em>Người bệnh được đ&oacute;n về qu&ecirc; ngay tại Viện, kh&ocirc;ng phải di chuyển qua nhiều chặng</em></p>\r\n\r\n<p style=\"text-align:center\"><img alt=\"\" height=\"720\" sizes=\"(max-width: 960px) 100vw, 960px\" src=\"http://vienhuyethoc.vn/wp-content/uploads/2021/02/143272482_1803700603116515_6190025092917065857_n.jpg\" srcset=\"http://vienhuyethoc.vn/wp-content/uploads/2021/02/143272482_1803700603116515_6190025092917065857_n.jpg 960w, http://vienhuyethoc.vn/wp-content/uploads/2021/02/143272482_1803700603116515_6190025092917065857_n-300x225.jpg 300w, http://vienhuyethoc.vn/wp-content/uploads/2021/02/143272482_1803700603116515_6190025092917065857_n-768x576.jpg 768w\" width=\"960\" /></p>\r\n\r\n<p style=\"text-align:center\"><em>Những suất ăn trưa c&ugrave;ng những phần qu&agrave; được trao tặng tận tay người bệnh</em></p>\r\n\r\n<p style=\"text-align:right\">Tin: Trương Hằng, ảnh: Gia Thắng</p>', 'chuyến xe nghĩa tình, Công tác xã hội', 'Công tác xã hội', 1, 'Chuyen-xe-mien-phi-dua-benh-nha-ve-que-an-Tet-vien-Huyet-hoc-343.jpg', '2021-07-15'),
(14, 2, 'Ung thư không phải là dấu chấm hết', 'ung-thu-khong-phai-la-dau-cham-het', '<p>&ldquo;Ung thư kh&ocirc;ng phải l&agrave; dấu chấm hết. Chỉ l&agrave;, khi đ&oacute; cuộc sống mới thực sự bắt đầu&rdquo;. Đ&oacute; ch&iacute;nh l&agrave; điều m&agrave; chương tr&igrave;nh giao lưu trực tuyến&hellip;</p>', '<p><strong>&ldquo;Ung thư kh&ocirc;ng phải l&agrave; dấu chấm hết. Chỉ l&agrave;, khi đ&oacute; cuộc sống mới thực sự bắt đầu&rdquo;.</strong></p>\r\n\r\n<p>Đ&oacute; ch&iacute;nh l&agrave; điều m&agrave; chương tr&igrave;nh giao lưu trực tuyến &ldquo;C&acirc;u chuyện m&ugrave;a xu&acirc;n&rdquo; do Viện Huyết học &ndash; Truyền m&aacute;u TW tổ chức nh&acirc;n ng&agrave;y Ung thư Thế giới muốn n&oacute;i. Chương tr&igrave;nh &ldquo;C&acirc;u chuyện m&ugrave;a xu&acirc;n&rdquo; đ&atilde; kể lại c&acirc;u chuyện về những đ&oacute;a hoa m&ugrave;a xu&acirc;n mạnh mẽ vươn m&igrave;nh từ bệnh tật v&agrave; gửi tới người bệnh th&ocirc;ng điệp:&nbsp;<strong>&ldquo;T&ocirc;i ổn! T&ocirc;i y&ecirc;u cuộc sống!&rdquo;</strong>, bởi cho d&ugrave; chặng đường chiến đấu với&nbsp;<a href=\"http://vienhuyethoc.vn/trieu-chung-chan-doan-va-dieu-tri-benh-ung-thu-mau-man-tinh/\">ung thư m&aacute;u</a>&nbsp;chẳng dễ d&agrave;ng, nhưng với &yacute; ch&iacute; v&agrave; nghị lực phi thường, người bệnh vẫn c&oacute; thể b&igrave;nh thản đối mặt v&agrave; vượt qua.</p>\r\n\r\n<p><img alt=\"\" height=\"1000\" sizes=\"(max-width: 1500px) 100vw, 1500px\" src=\"http://vienhuyethoc.vn/wp-content/uploads/2021/02/295A9267.jpg\" srcset=\"http://vienhuyethoc.vn/wp-content/uploads/2021/02/295A9267.jpg 1500w, http://vienhuyethoc.vn/wp-content/uploads/2021/02/295A9267-300x200.jpg 300w, http://vienhuyethoc.vn/wp-content/uploads/2021/02/295A9267-768x512.jpg 768w, http://vienhuyethoc.vn/wp-content/uploads/2021/02/295A9267-1024x683.jpg 1024w\" width=\"1500\" /></p>\r\n\r\n<p style=\"text-align:center\"><em>C&aacute;c b&aacute;c sĩ v&agrave; hơn 50 người bệnh tham dự chương tr&igrave;nh &ldquo;C&acirc;u chuyện m&ugrave;a xu&acirc;n&rdquo;</em></p>\r\n\r\n<p><img alt=\"\" height=\"1000\" sizes=\"(max-width: 1500px) 100vw, 1500px\" src=\"http://vienhuyethoc.vn/wp-content/uploads/2021/02/295A9282.jpg\" srcset=\"http://vienhuyethoc.vn/wp-content/uploads/2021/02/295A9282.jpg 1500w, http://vienhuyethoc.vn/wp-content/uploads/2021/02/295A9282-300x200.jpg 300w, http://vienhuyethoc.vn/wp-content/uploads/2021/02/295A9282-768x512.jpg 768w, http://vienhuyethoc.vn/wp-content/uploads/2021/02/295A9282-1024x683.jpg 1024w\" width=\"1500\" /></p>\r\n\r\n<p>Tham dự chương tr&igrave;nh, TS.BS. Bạch Quốc Kh&aacute;nh, Viện trưởng đ&atilde; chia sẻ với người bệnh:&nbsp;<em>&ldquo;Ch&uacute;ng ta bị ốm, phải điều trị l&agrave; điều kh&ocirc;ng ai mong muốn cả. Nhưng t&ocirc;i muốn n&oacute;i rằng, với cương vị l&agrave; b&aacute;c sĩ điều trị, ch&uacute;ng t&ocirc;i đ&atilde; c&oacute; những th&agrave;nh c&ocirc;ng nhất định trong việc điều trị bệnh m&aacute;u. Trong qu&aacute; tr&igrave;nh đ&oacute;, tinh thần của người bệnh đ&oacute;ng vai tr&ograve; quan trọng, trở th&agrave;nh yếu tố th&agrave;nh c&ocirc;ng hay thất bại trong việc điều trị. Ch&uacute;ng ta c&oacute; thể thấy h&igrave;nh ảnh c&aacute;c ch&aacute;u b&eacute; tr&ecirc;n s&acirc;n khấu, c&aacute;c ch&aacute;u kh&ocirc;ng hề biết m&igrave;nh bị bệnh g&igrave;, đang truyền thuốc g&igrave; v&agrave; vẫn hồn nhi&ecirc;n, vui vẻ. C&ograve;n&nbsp;người lớn khi bước v&agrave;o trong bệnh viện n&agrave;y đều nghĩ m&igrave;nh đang bị bệnh nặng. Ch&uacute;ng t&ocirc;i chưa truyền thuốc nhưng đ&atilde; cảm thấy mệt v&agrave; buồn n&ocirc;n. Do vậy, t&acirc;m l&yacute; v&agrave; tinh thần của người bệnh đ&oacute;ng vai tr&ograve; quan trọng trong việc điều trị&rdquo;.</em></p>\r\n\r\n<p>L&agrave; một trong những người bệnh lu&ocirc;n chiến đấu với bệnh tật bằng &ldquo;niềm hy vọng kh&ocirc;ng bao giờ tắt&rdquo;, anh Nguyễn Trọng H&ugrave;ng (36 tuổi, H&agrave; Tĩnh) chia sẻ: &ldquo;C&aacute;ch đ&acirc;y hơn 1 năm, khi được ph&aacute;t hiện ung thư m&aacute;u cấp t&iacute;nh, vợ chồng ch&aacute;u rất sốc. Nhưng ch&uacute;ng ch&aacute;u nhanh ch&oacute;ng lấy lại tinh thần, động vi&ecirc;n nhau v&agrave; lu&ocirc;n coi&nbsp;<strong>mỗi đợt nằm viện như kỳ nghỉ trăng mật của hai vợ chồng</strong>&rdquo;.</p>\r\n\r\n<p><img alt=\"\" height=\"1000\" sizes=\"(max-width: 1500px) 100vw, 1500px\" src=\"http://vienhuyethoc.vn/wp-content/uploads/2021/02/295A9354.jpg\" srcset=\"http://vienhuyethoc.vn/wp-content/uploads/2021/02/295A9354.jpg 1500w, http://vienhuyethoc.vn/wp-content/uploads/2021/02/295A9354-300x200.jpg 300w, http://vienhuyethoc.vn/wp-content/uploads/2021/02/295A9354-768x512.jpg 768w, http://vienhuyethoc.vn/wp-content/uploads/2021/02/295A9354-1024x683.jpg 1024w\" width=\"1500\" /></p>\r\n\r\n<p style=\"text-align:center\"><em>Vợ chồng anh Nguyễn Trọng H&ugrave;ng coi mỗi đợt nằm viện như một kỳ nghỉ trăng mật</em></p>\r\n\r\n<p>Anh cho biết th&ecirc;m: &ldquo;<em>Mỗi lần kh&oacute; khăn ch&uacute;ng t&ocirc;i đều tự nhủ với nhau l&agrave; m&igrave;nh sẽ chiến thắng, mọi việc đều sẽ ổn th&ocirc;i. Trong qu&aacute; tr&igrave;nh điều trị t&ocirc;i c&oacute; rất nhiều trải nghiệm. Bản th&acirc;n t&ocirc;i thấy rằng nếu ch&uacute;ng ta mệt mỏi th&igrave; sẽ lu&ocirc;n cảm thấy kh&oacute; khăn, nhưng nếu suy nghĩ t&iacute;ch cực, thả lỏng tinh thần th&igrave; cảm thấy mọi việc nhẹ nh&agrave;ng tr&ocirc;i qua. Ch&uacute;ng ta l&agrave;m chủ được tr&aacute;i tim, tinh thần, suy nghĩ của ch&uacute;ng ta. Hằng ng&agrave;y, h&atilde;y nghĩ tới gia đ&igrave;nh, người th&acirc;n để l&agrave;m động lực cho m&igrave;nh sẽ tạo ra một sức mạnh to lớn&rdquo;</em>.</p>\r\n\r\n<p>Cũng như anh H&ugrave;ng, chị Nguyễn Thị Thu Trang nhận tin m&igrave;nh bị ung thư m&aacute;u c&aacute;ch đ&acirc;y gần 2 năm. Vốn l&agrave; một người nhanh nhẹn, hoạt b&aacute;t, chị lu&ocirc;n l&agrave; động lực, l&agrave; điểm tựa của cả gia đ&igrave;nh với 4 đứa con nhỏ cần được chăm s&oacute;c, dạy bảo.</p>\r\n\r\n<p>Nhưng với &yacute; ch&iacute; mạnh mẽ v&agrave; nghị lực ki&ecirc;n cường, chị đ&atilde; đối diện v&agrave; chấp nhận chung sống với bệnh tật của m&igrave;nh. Đến nay chị đ&atilde; điều trị lui bệnh. Trở về cuộc sống b&igrave;nh thường, chị lại t&iacute;ch cực lao động, chăm s&oacute;c gia đ&igrave;nh. Chị cho biết:&nbsp;<em>&ldquo;Thật sự đ&uacute;ng như &ldquo;C&acirc;u chuyện m&ugrave;a xu&acirc;n&rdquo; n&agrave;y đ&atilde; n&oacute;i Ung thư kh&ocirc;ng phải l&agrave; dấu chấm hết. T&ocirc;i cũng như c&aacute;c bạn đ&atilde; bị ung thư, đ&atilde; bị bệnh, điều đ&oacute; sẽ kh&ocirc;ng thay đổi v&agrave; ch&uacute;ng ta cần chấp nhận sự thật để mạnh mẽ, lạc quan để vượt qua. T&ocirc;i mong muốn c&aacute;c bạn tr&acirc;n qu&yacute; từng ph&uacute;t gi&acirc;y được hiện diện b&ecirc;n gia đ&igrave;nh v&agrave; h&atilde;y lu&ocirc;n lu&ocirc;n cố gắng vững tin v&agrave;o ph&aacute;c đồ điều trị của b&aacute;c sĩ. Lu&ocirc;n lu&ocirc;n tin tưởng rằng m&igrave;nh cố gắng th&igrave; m&igrave;nh sẽ chiến thắng, điều kỳ diệu sẽ xảy ra&rdquo;.</em></p>\r\n\r\n<p><img alt=\"\" height=\"1000\" sizes=\"(max-width: 1500px) 100vw, 1500px\" src=\"http://vienhuyethoc.vn/wp-content/uploads/2021/02/295A9349.jpg\" srcset=\"http://vienhuyethoc.vn/wp-content/uploads/2021/02/295A9349.jpg 1500w, http://vienhuyethoc.vn/wp-content/uploads/2021/02/295A9349-300x200.jpg 300w, http://vienhuyethoc.vn/wp-content/uploads/2021/02/295A9349-768x512.jpg 768w, http://vienhuyethoc.vn/wp-content/uploads/2021/02/295A9349-1024x683.jpg 1024w\" width=\"1500\" /></p>\r\n\r\n<p style=\"text-align:center\"><em>Trước đ&acirc;y, chị Trang chưa từng d&aacute;m mặc v&aacute;y, mặc &aacute;o d&agrave;i v&igrave; c&ocirc;ng việc qu&aacute; tất bật. Nhưng kể từ khi bị bệnh, mỗi ng&agrave;y chị đều d&agrave;nh thời gian đi bộ, ngồi thiền v&agrave; cảm nhận cuộc sống s&acirc;u sắc hơn. Với chị đ&uacute;ng quả thật l&agrave;: Ung thư kh&ocirc;ng phải l&agrave; dấu chấm hết. Chỉ l&agrave;, khi đ&oacute; cuộc sống mới thực sự bắt đầu&rdquo;.</em></p>\r\n\r\n<p>B&ecirc;n cạnh hoạt động giao lưu với người bệnh, chương tr&igrave;nh &ldquo;C&acirc;u chuyện m&ugrave;a xu&acirc;n&rdquo; c&ograve;n giới thiệu tới người bệnh triển l&atilde;m ảnh &ldquo;Những đ&oacute;a hoa m&ugrave;a xu&acirc;n&rdquo;. Căn bệnh ung thư m&aacute;u đ&atilde; chẳng thể khuất phục được người bệnh m&agrave; c&ograve;n trở th&agrave;nh động lực gi&uacute;p họ trở n&ecirc;n ki&ecirc;n cường hơn, gi&uacute;p họ nhận ra m&igrave;nh muốn g&igrave; v&agrave; sống c&oacute; &yacute; nghĩa hơn.</p>\r\n\r\n<p><img alt=\"\" height=\"1000\" sizes=\"(max-width: 1500px) 100vw, 1500px\" src=\"http://vienhuyethoc.vn/wp-content/uploads/2021/02/295A9224.jpg\" srcset=\"http://vienhuyethoc.vn/wp-content/uploads/2021/02/295A9224.jpg 1500w, http://vienhuyethoc.vn/wp-content/uploads/2021/02/295A9224-300x200.jpg 300w, http://vienhuyethoc.vn/wp-content/uploads/2021/02/295A9224-768x512.jpg 768w, http://vienhuyethoc.vn/wp-content/uploads/2021/02/295A9224-1024x683.jpg 1024w\" width=\"1500\" /></p>\r\n\r\n<table>\r\n	<tbody>\r\n		<tr>\r\n			<td><img alt=\"\" height=\"1000\" sizes=\"(max-width: 1500px) 100vw, 1500px\" src=\"http://vienhuyethoc.vn/wp-content/uploads/2021/02/295A9212.jpg\" srcset=\"http://vienhuyethoc.vn/wp-content/uploads/2021/02/295A9212.jpg 1500w, http://vienhuyethoc.vn/wp-content/uploads/2021/02/295A9212-300x200.jpg 300w, http://vienhuyethoc.vn/wp-content/uploads/2021/02/295A9212-768x512.jpg 768w, http://vienhuyethoc.vn/wp-content/uploads/2021/02/295A9212-1024x683.jpg 1024w\" width=\"1500\" /></td>\r\n			<td><img alt=\"\" height=\"1000\" sizes=\"(max-width: 1500px) 100vw, 1500px\" src=\"http://vienhuyethoc.vn/wp-content/uploads/2021/02/295A9204.jpg\" srcset=\"http://vienhuyethoc.vn/wp-content/uploads/2021/02/295A9204.jpg 1500w, http://vienhuyethoc.vn/wp-content/uploads/2021/02/295A9204-300x200.jpg 300w, http://vienhuyethoc.vn/wp-content/uploads/2021/02/295A9204-768x512.jpg 768w, http://vienhuyethoc.vn/wp-content/uploads/2021/02/295A9204-1024x683.jpg 1024w\" width=\"1500\" /></td>\r\n		</tr>\r\n	</tbody>\r\n</table>\r\n\r\n<p><img alt=\"\" height=\"1000\" sizes=\"(max-width: 1500px) 100vw, 1500px\" src=\"http://vienhuyethoc.vn/wp-content/uploads/2021/02/295A9459.jpg\" srcset=\"http://vienhuyethoc.vn/wp-content/uploads/2021/02/295A9459.jpg 1500w, http://vienhuyethoc.vn/wp-content/uploads/2021/02/295A9459-300x200.jpg 300w, http://vienhuyethoc.vn/wp-content/uploads/2021/02/295A9459-768x512.jpg 768w, http://vienhuyethoc.vn/wp-content/uploads/2021/02/295A9459-1024x683.jpg 1024w\" width=\"1500\" /></p>\r\n\r\n<p style=\"text-align:center\">&nbsp;<em>TS. Bạch Quốc Kh&aacute;nh v&agrave; c&aacute;c b&aacute;c sĩ, điều dưỡng chụp ảnh c&ugrave;ng c&aacute;c bệnh nhi&nbsp;</em></p>\r\n\r\n<p><img alt=\"\" height=\"1000\" sizes=\"(max-width: 1500px) 100vw, 1500px\" src=\"http://vienhuyethoc.vn/wp-content/uploads/2021/02/295A9431.jpg\" srcset=\"http://vienhuyethoc.vn/wp-content/uploads/2021/02/295A9431.jpg 1500w, http://vienhuyethoc.vn/wp-content/uploads/2021/02/295A9431-300x200.jpg 300w, http://vienhuyethoc.vn/wp-content/uploads/2021/02/295A9431-768x512.jpg 768w, http://vienhuyethoc.vn/wp-content/uploads/2021/02/295A9431-1024x683.jpg 1024w\" width=\"1500\" /></p>\r\n\r\n<p style=\"text-align:center\"><em>TS.BS. Vũ Đức B&igrave;nh trao qu&agrave; cho người bệnh</em></p>\r\n\r\n<p><img alt=\"\" height=\"1000\" sizes=\"(max-width: 1500px) 100vw, 1500px\" src=\"http://vienhuyethoc.vn/wp-content/uploads/2021/02/295A9168.jpg\" srcset=\"http://vienhuyethoc.vn/wp-content/uploads/2021/02/295A9168.jpg 1500w, http://vienhuyethoc.vn/wp-content/uploads/2021/02/295A9168-300x200.jpg 300w, http://vienhuyethoc.vn/wp-content/uploads/2021/02/295A9168-768x512.jpg 768w, http://vienhuyethoc.vn/wp-content/uploads/2021/02/295A9168-1024x683.jpg 1024w\" width=\"1500\" /></p>\r\n\r\n<p style=\"text-align:center\"><em>D&ugrave; bị bệnh nhưng c&aacute;c con vẫn hồn nhi&ecirc;n, vui tươi, y&ecirc;u ca h&aacute;t v&agrave; tham gia biểu diễn tại chương tr&igrave;nh</em></p>\r\n\r\n<p><img alt=\"\" height=\"1000\" sizes=\"(max-width: 1500px) 100vw, 1500px\" src=\"http://vienhuyethoc.vn/wp-content/uploads/2021/02/295A9468.jpg\" srcset=\"http://vienhuyethoc.vn/wp-content/uploads/2021/02/295A9468.jpg 1500w, http://vienhuyethoc.vn/wp-content/uploads/2021/02/295A9468-300x200.jpg 300w, http://vienhuyethoc.vn/wp-content/uploads/2021/02/295A9468-768x512.jpg 768w, http://vienhuyethoc.vn/wp-content/uploads/2021/02/295A9468-1024x683.jpg 1024w\" width=\"1500\" /></p>\r\n\r\n<p style=\"text-align:center\"><em>BSCKII. Mai Lan, Trưởng khoa Bệnh m&aacute;u trẻ em v&agrave; c&aacute;c bệnh nhi</em></p>\r\n\r\n<p><img alt=\"\" height=\"1000\" sizes=\"(max-width: 1500px) 100vw, 1500px\" src=\"http://vienhuyethoc.vn/wp-content/uploads/2021/02/295A9496.jpg\" srcset=\"http://vienhuyethoc.vn/wp-content/uploads/2021/02/295A9496.jpg 1500w, http://vienhuyethoc.vn/wp-content/uploads/2021/02/295A9496-300x200.jpg 300w, http://vienhuyethoc.vn/wp-content/uploads/2021/02/295A9496-768x512.jpg 768w, http://vienhuyethoc.vn/wp-content/uploads/2021/02/295A9496-1024x683.jpg 1024w\" width=\"1500\" /></p>\r\n\r\n<p style=\"text-align:center\"><em>ThS. L&yacute; Thị Hảo, Trưởng ph&ograve;ng C&ocirc;ng t&aacute;c x&atilde; hội v&agrave; chị Nguyễn Thị Thu Trang</em></p>\r\n\r\n<p><img alt=\"\" height=\"1000\" sizes=\"(max-width: 1500px) 100vw, 1500px\" src=\"http://vienhuyethoc.vn/wp-content/uploads/2021/02/295A9487.jpg\" srcset=\"http://vienhuyethoc.vn/wp-content/uploads/2021/02/295A9487.jpg 1500w, http://vienhuyethoc.vn/wp-content/uploads/2021/02/295A9487-300x200.jpg 300w, http://vienhuyethoc.vn/wp-content/uploads/2021/02/295A9487-768x512.jpg 768w, http://vienhuyethoc.vn/wp-content/uploads/2021/02/295A9487-1024x683.jpg 1024w\" width=\"1500\" /></p>\r\n\r\n<p style=\"text-align:center\"><em>Nụ cười của những chiến binh nh&iacute;</em></p>\r\n\r\n<p style=\"text-align:right\">Trương Hằng &ndash; Gia Thắng, ảnh: C&ocirc;ng Thắng</p>', 'ung thư, ung thư máu', 'ung thư máu', 1, '295A945947.jpg', '2021-07-15'),
(15, 4, '6 chính sách mới về BHYT tạo điều kiện thuận lợi cho người dân', '6-chinh-sach-moi-ve-bhyt-tao-dieu-kien-thuan-loi-cho-nguoi-dan', '<p>BHYT l&agrave; một trong những ch&iacute;nh s&aacute;ch trụ cột của hệ thống an sinh x&atilde; hội, để chăm s&oacute;c sức khỏe cho Nh&acirc;n d&acirc;n. Từ ng&agrave;y 01/7/2021, nhiều ch&iacute;nh s&aacute;ch&hellip;</p>', '<p><strong>BHYT l&agrave; một trong những ch&iacute;nh s&aacute;ch trụ cột của hệ thống an sinh x&atilde; hội, để chăm s&oacute;c sức khỏe cho Nh&acirc;n d&acirc;n. Từ ng&agrave;y 01/7/2021, nhiều ch&iacute;nh s&aacute;ch mới về BHYT c&oacute; hiệu lực thi h&agrave;nh nhằm tạo điều kiện thuận lợi hơn cho người d&acirc;n khi tham gia BHYT.</strong></p>\r\n\r\n<p style=\"text-align:center\"><img alt=\"\" height=\"628\" sizes=\"(max-width: 1024px) 100vw, 1024px\" src=\"http://vienhuyethoc.vn/wp-content/uploads/2021/07/ANH-WEBSITE-1-1024x628.jpg\" srcset=\"http://vienhuyethoc.vn/wp-content/uploads/2021/07/ANH-WEBSITE-1-1024x628.jpg 1024w, http://vienhuyethoc.vn/wp-content/uploads/2021/07/ANH-WEBSITE-1-300x184.jpg 300w, http://vienhuyethoc.vn/wp-content/uploads/2021/07/ANH-WEBSITE-1-768x471.jpg 768w, http://vienhuyethoc.vn/wp-content/uploads/2021/07/ANH-WEBSITE-1.jpg 1385w\" width=\"1024\" /></p>\r\n\r\n<p><strong>Một l&agrave;, thay đổi kh&aacute;i niệm hộ gia đ&igrave;nh tham gia BHYT</strong></p>\r\n\r\n<p>Ng&agrave;y 13/11/2020, Quốc hội đ&atilde; th&ocirc;ng qua Luật Cư tr&uacute; năm 2020, c&oacute; hiệu lực từ ng&agrave;y 01/7/2021. Luật n&agrave;y sửa đổi, bổ sung nội dung một số Luật kh&aacute;c li&ecirc;n quan, trong đ&oacute; c&oacute; Luật BHYT. Cụ thể, tại Khoản 2 Điều 38 Luật Cư tr&uacute; sửa đổi Khoản 7 Điều 2 Luật BHYT như sau: Hộ gia đ&igrave;nh tham gia BHYT l&agrave; những người c&ugrave;ng đăng k&yacute; thường tr&uacute; hoặc c&ugrave;ng đăng k&yacute; tạm tr&uacute; tại một chỗ ở hợp ph&aacute;p theo quy định của ph&aacute;p luật về cư tr&uacute;.</p>\r\n\r\n<p>Trong khi đ&oacute;, Luật BHYT hiện nay đang quy định: Hộ gia đ&igrave;nh tham gia BHYT bao gồm to&agrave;n bộ người c&oacute; t&ecirc;n trong Sổ hộ khẩu hoặc Sổ tạm tr&uacute;.</p>\r\n\r\n<p>Như vậy, theo quy định mới, những người thuộc diện tham gia BHYT hộ gia đ&igrave;nh phải l&agrave; những người: C&ugrave;ng đăng k&yacute; thường tr&uacute; hoặc c&ugrave;ng đăng k&yacute; tạm tr&uacute; tại một chỗ ở hợp ph&aacute;p, thay v&igrave; c&ugrave;ng Sổ hộ khẩu hoặc Sổ tạm tr&uacute; như trước đ&acirc;y.</p>\r\n\r\n<p>Sở dĩ c&oacute; sự điều chỉnh như tr&ecirc;n l&agrave; do Luật Cư tr&uacute; năm 2020 quy định, từ ng&agrave;y 01/01/2023, ch&iacute;nh thức b&atilde;i bỏ Sổ hộ khẩu, Sổ tạm tr&uacute;, thay bằng việc quản l&yacute; tr&ecirc;n Cơ sở dữ liệu quốc gia về d&acirc;n cư. Đồng thời, từ ng&agrave;y 01/7/2021, cơ quan đăng k&yacute; cư tr&uacute; cũng sẽ kh&ocirc;ng cấp mới, cấp lại Sổ hộ khẩu, Sổ tạm tr&uacute; m&agrave; thực hiện điều chỉnh, cập nhật th&ocirc;ng tin của c&ocirc;ng d&acirc;n tr&ecirc;n Cơ sở dữ liệu về cư tr&uacute;.</p>\r\n\r\n<p><strong>Hai l&agrave;, bổ sung đối tượng được ng&acirc;n s&aacute;ch Nh&agrave; nước mua thẻ BHYT</strong></p>\r\n\r\n<p>Nội dung n&agrave;y được đề cập tại Nghị định số 20/2021/NĐ-CP ng&agrave;y 15/3/2021 của Ch&iacute;nh phủ về quy định ch&iacute;nh s&aacute;ch trợ gi&uacute;p x&atilde; hội đối với đối tượng bảo trợ x&atilde; hội. Cụ thể, so với quy định hiện nay tại Nghị định số 136/2013/NĐ-CP ng&agrave;y 21/10/2013, Điều 5 Nghị định số 20 đ&atilde; bổ sung th&ecirc;m đối tượng: &ldquo;Người thuộc diện hộ cận ngh&egrave;o chưa c&oacute; chồng hoặc chưa c&oacute; vợ; đ&atilde; c&oacute; chồng hoặc vợ nhưng đ&atilde; chết hoặc mất t&iacute;ch theo quy định của ph&aacute;p luật v&agrave; đang nu&ocirc;i con dưới 16 tuổi hoặc đang nu&ocirc;i con từ 16 đến 22 tuổi v&agrave; người con đ&oacute; đang học văn h&oacute;a, học nghề, trung học chuy&ecirc;n nghiệp, cao đẳng, đại học văn bằng thứ nhất (người con n&agrave;y đang được hưởng trợ cấp bảo trợ x&atilde; hội)&rdquo; được ng&acirc;n s&aacute;ch Nh&agrave; nước mua thẻ BHYT. Theo quy định trước đ&acirc;y, nh&oacute;m đối tượng n&agrave;y chỉ được ng&acirc;n s&aacute;ch Nh&agrave; nước hỗ trợ mua thẻ BHYT tối thiểu 70%.</p>\r\n\r\n<p><strong>Ba l&agrave;, thay đổi trong danh s&aacute;ch người c&oacute; c&ocirc;ng v&agrave; th&acirc;n nh&acirc;n được hưởng ch&iacute;nh s&aacute;ch BHYT</strong></p>\r\n\r\n<p>Kể từ ng&agrave;y 01/7/2021, Ph&aacute;p lệnh ưu đ&atilde;i người c&oacute; c&ocirc;ng với c&aacute;ch mạng số 02/2020/UBTVQH14 ch&iacute;nh thức c&oacute; hiệu lực. Theo Ph&aacute;p lệnh mới th&igrave; &ldquo;Vợ hoặc chồng liệt sĩ lấy chồng hoặc vợ kh&aacute;c m&agrave; nu&ocirc;i con liệt sĩ đến tuổi trưởng th&agrave;nh hoặc chăm s&oacute;c cha đẻ, mẹ đẻ liệt sĩ khi c&ograve;n sống hoặc v&igrave; hoạt động c&aacute;ch mạng m&agrave; kh&ocirc;ng c&oacute; điều kiện chăm s&oacute;c cha đẻ, mẹ đẻ liệt sĩ khi c&ograve;n sống&rdquo; sẽ được ng&acirc;n s&aacute;ch Nh&agrave; nước mua thẻ BHYT, trước đ&acirc;y kh&ocirc;ng c&oacute; quy định n&agrave;y.</p>\r\n\r\n<p><strong>Bốn l&agrave;, thanh to&aacute;n chi ph&iacute; kh&aacute;m, chữa bệnh BHYT theo định suất</strong></p>\r\n\r\n<p>Thanh to&aacute;n theo định suất l&agrave; phương thức thanh to&aacute;n giữa cơ quan BHXH v&agrave; cơ sở kh&aacute;m, chữa bệnh (KCB) BHYT theo mức ph&iacute; được x&aacute;c định trước theo phạm vi dịch vụ cho một đầu thẻ đăng k&yacute; tại cơ sở cung ứng dịch vụ y tế trong một khoảng thời gian nhất định.</p>\r\n\r\n<p>Ng&agrave;y 29/4/2021, Bộ Y tế ban h&agrave;nh Th&ocirc;ng tư số 04/2021/TT-BYT hướng dẫn thanh to&aacute;n chi ph&iacute; KCB BHYT theo định suất. Th&ocirc;ng tư c&oacute; hiệu lực kể từ ng&agrave;y 01/7/2021. Theo đ&oacute;, Th&ocirc;ng tư x&aacute;c định: Quỹ định suất l&agrave; số tiền được x&aacute;c định trước, giao cho cơ sở KCB BHYT để KCB ngoại tr&uacute; cho người bệnh c&oacute; thẻ BHYT trong phạm vi định suất, trong khoảng thời gian nhất định.</p>\r\n\r\n<p>Tại c&aacute;c cơ sở y tế từ tuyến huyện trở xuống sẽ &aacute;p dụng phương thức thanh to&aacute;n theo định suất đối với to&agrave;n bộ chi ph&iacute; KCB ngoại tr&uacute; trong phạm vi hưởng của người tham gia BHYT. Tại c&aacute;c cơ sở y tế tuyến tỉnh, tuyến Trung ương sẽ &aacute;p dụng tại c&aacute;c cơ sở c&oacute; k&yacute; hợp đồng KCB BHYT ban đầu v&agrave; chỉ &aacute;p dụng thanh to&aacute;n theo định suất đối với phần chi ph&iacute; KCB ngoại tr&uacute; của người đăng k&yacute; KCB ban đầu ph&aacute;t sinh tại ch&iacute;nh cơ sở KCB ban đầu đ&oacute;. Tuy nhi&ecirc;n, phạm vi định suất kh&ocirc;ng bao gồm c&aacute;c chi ph&iacute; KCB của đối tượng, bệnh, nh&oacute;m bệnh sau đ&acirc;y:</p>\r\n\r\n<ol>\r\n	<li>Chi ph&iacute; của c&aacute;c đối tượng c&oacute; m&atilde; thẻ qu&acirc;n nh&acirc;n (QN), cơ yếu (CY), c&ocirc;ng an (CA).</li>\r\n	<li>Chi ph&iacute; vận chuyển người bệnh c&oacute; thẻ BHYT.</li>\r\n	<li>To&agrave;n bộ chi ph&iacute; của lần KCB BHYT c&oacute; sử dụng dịch vụ kỹ thuật thận nh&acirc;n tạo chu kỳ hoặc dịch vụ kỹ thuật lọc m&agrave;ng bụng hoặc dịch lọc m&agrave;ng bụng.</li>\r\n	<li>To&agrave;n bộ chi ph&iacute; của lần KCB BHYT c&oacute; sử dụng thuốc chống ung thư hoặc dịch vụ can thiệp điều trị bệnh ung thư đối với người bệnh được chẩn đo&aacute;n bệnh ung thư gồm c&aacute;c m&atilde; chẩn đo&aacute;n từ C00 đến 297 v&agrave; c&aacute;c m&atilde; chẩn đo&aacute;n từ D00 đến D09 thuộc bộ m&atilde; Ph&acirc;n loại bệnh quốc tế lần thứ X (ICD-10).</li>\r\n	<li>To&agrave;n bộ chi ph&iacute; của lần KCB BHYT c&oacute; sử dụng thuốc điều trị Hemophilia hoặc m&aacute;u hoặc chế phẩm của m&aacute;u đối với người bệnh được chẩn đo&aacute;n bệnh Hemophilia gồm c&aacute;c m&atilde; D60, D67, D68 thuộc bộ m&atilde; ICD-10.</li>\r\n	<li>To&agrave;n bộ chi ph&iacute; của lần KCB BHYT c&oacute; sử dụng thuốc chống thải gh&eacute;p đối với người bệnh gh&eacute;p tạng.</li>\r\n	<li>To&agrave;n bộ chi ph&iacute; của lần KCB BHYT c&oacute; sử dụng thuốc điều trị vi&ecirc;m gan C của người bệnh bị bệnh vi&ecirc;n gan C.</li>\r\n	<li>To&agrave;n bộ chi ph&iacute; của lần KCB BHYT c&oacute; sử dụng thuốc kh&aacute;ng HIV hoặc dịch vụ x&eacute;t nghiệm tải lượng HIV của người bệnh c&oacute; thẻ BHYT được chẩn đo&aacute;n bệnh HIV.</li>\r\n</ol>\r\n\r\n<p><strong>Năm l&agrave;, c&ocirc;ng khai gi&aacute; thu dịch vụ KCB BHYT đối với người bệnh, người đại diện hợp ph&aacute;p của người bệnh</strong></p>\r\n\r\n<p>Đ&acirc;y l&agrave; nội dung được n&ecirc;u tại Th&ocirc;ng tư số 05/2021/TT-BYT ng&agrave;y 5/5/2021 về quy định về thực hiện d&acirc;n chủ trong hoạt động của cơ sở KCB bệnh c&ocirc;ng lập.&nbsp; Trong đ&oacute; c&oacute; quy định, cơ sở KCB phải th&ocirc;ng tin kịp thời v&agrave; c&ocirc;ng khai với người bệnh v&agrave; người đại diện hợp ph&aacute;p của người bệnh gi&aacute; thu dịch vụ KCB bao gồm: Gi&aacute; thu dịch vụ KCB đối với người bệnh c&oacute; thẻ BHYT, gi&aacute; thu dịch vụ KCB kh&ocirc;ng theo y&ecirc;u cầu đối với người bệnh kh&ocirc;ng c&oacute; thẻ BHYT; gi&aacute; dịch vụ KCB theo y&ecirc;u cầu của người bệnh; gi&aacute; c&aacute;c loại dịch vụ kh&aacute;c tại đơn vị.</p>\r\n\r\n<p>Ngo&agrave;i ra c&ograve;n quy định cơ sở y tế phải c&ocirc;ng khai c&aacute;c chế độ miễn, giảm gi&aacute; dịch vụ KCB v&agrave; thực hiện ch&iacute;nh s&aacute;ch BHYT, thanh to&aacute;n gi&aacute; v&agrave; chi ph&iacute; KCB BHYT theo quy định của ph&aacute;p luật.</p>\r\n\r\n<p>C&oacute; 3 h&igrave;nh thức c&ocirc;ng khai th&ocirc;ng tin như sau:</p>\r\n\r\n<ol>\r\n	<li>Ni&ecirc;m yết c&ocirc;ng khai, chạy th&ocirc;ng tin tr&ecirc;n băng th&ocirc;ng tin điện tử:</li>\r\n</ol>\r\n\r\n<p>&ndash; C&aacute;c văn bản, bản vẽ, sơ đồ chỉ dẫn, dấu chỉ đường đến c&aacute;c khu vực, khoa, ph&ograve;ng v&agrave; đơn vị trực thuộc trong đơn vị; c&aacute;c bản nội quy, quy định, gi&aacute; c&aacute;c loại dịch vụ KCB v&agrave; gi&aacute; c&aacute;c loại dịch vụ phục vụ người bệnh tại c&aacute;c địa điểm thuận lợi c&oacute; nhiều người bệnh qua lại.</p>\r\n\r\n<p>&ndash; Việc ni&ecirc;m yết c&ocirc;ng khai phải thường xuy&ecirc;n, li&ecirc;n tục v&agrave; kịp thời.</p>\r\n\r\n<ol start=\"2\">\r\n	<li>Tổ chức th&ocirc;ng tin, truyền th&ocirc;ng, tư vấn về chế độ ch&iacute;nh s&aacute;ch, những vấn đề c&oacute; li&ecirc;n quan đến việc KCB kể từ khi người bệnh mới đến ph&ograve;ng kh&aacute;m bệnh, ph&ograve;ng cấp cứu, buồng bệnh.</li>\r\n	<li>Th&ocirc;ng b&aacute;o trực tiếp với người bệnh, người đại diện hợp ph&aacute;p của người bệnh; tổ chức sinh hoạt hội đồng người bệnh của khoa, ph&ograve;ng v&agrave; đơn vị.</li>\r\n</ol>\r\n\r\n<p><strong>S&aacute;u l&agrave;, phụ nữ mang thai x&eacute;t nghiệm HIV được hưởng chế độ BHYT</strong></p>\r\n\r\n<p>Đ&acirc;y l&agrave; nội dung tại Luật sửa đổi, bổ sung một số điều của Luật Ph&ograve;ng, chống nhiễm virus g&acirc;y ra hội chứng suy giảm miễn dịch mắc phải ở người (HIV/AIDS), c&oacute; hiệu lực từ ng&agrave;y 01/7/2021.</p>\r\n\r\n<p>Theo Luật n&agrave;y, phụ nữ mang thai x&eacute;t nghiệm HIV theo chỉ định chuy&ecirc;n m&ocirc;n được quỹ BHYT, ng&acirc;n s&aacute;ch Nh&agrave; nước chi trả chi ph&iacute; x&eacute;t nghiệm như sau:</p>\r\n\r\n<p>&ndash; Quỹ BHYT chi trả cho người c&oacute; thẻ BHYT theo mức hưởng quy định của ph&aacute;p luật về BHYT.</p>\r\n\r\n<p>&ndash; Ng&acirc;n s&aacute;ch Nh&agrave; nước chi trả phần chi ph&iacute; quỹ BHYT kh&ocirc;ng chi trả n&ecirc;u tr&ecirc;n v&agrave; chi trả cho người kh&ocirc;ng c&oacute; thẻ BHYT theo mức gi&aacute; dịch vụ KCB BHYT.</p>\r\n\r\n<p>Tuy nhi&ecirc;n, từ trước ng&agrave;y 01/7/2021, quỹ BHYT đ&atilde; thực hiện thanh to&aacute;n chi ph&iacute; x&eacute;t nghiệm HIV trong KCB đối với phụ nữ trong thời kỳ mang thai v&agrave; sinh con theo y&ecirc;u cầu chuy&ecirc;n m&ocirc;n theo quy định tại Th&ocirc;ng tư số 27/2018/TT-BYT ng&agrave;y 26/10/2018 của Bộ Y tế hướng dẫn thực hiện BHYT v&agrave; KCB li&ecirc;n quan đến HIV/AIDS. Quy định n&agrave;y đ&atilde; được luật h&oacute;a tại Luật sửa đổi, bổ sung một số điều của Luật Ph&ograve;ng, chống nhiễm virus g&acirc;y ra hội chứng suy giảm miễn dịch mắc phải ở người.</p>\r\n\r\n<p style=\"text-align:right\"><em>Theo Suckhoedoisong.vn</em></p>', 'Khám bệnh bảo hiểm y tế', 'khám bệnh bảo hiểm y tế', 1, 'ANH-WEBSITE-149.jpg', '2021-07-15');
INSERT INTO `tbl_news` (`news_id`, `category_news_id`, `news_title`, `news_slug`, `news_desc`, `news_content`, `news_meta_des`, `news_meta_keysword`, `news_meta_status`, `news_image`, `news_date`) VALUES
(16, 4, 'Dịch diễn biến phức tạp, Bộ trưởng Bộ Y tế gửi thư động viên cán bộ y tế', 'dich-dien-bien-phuc-tap--bo-truong-bo-y-te-gui-thu-dong-vien-can-bo-y-te', '<p>Bộ trưởng Bộ Y tế Nguyễn Thanh Long cho biết đợt dịch lần n&agrave;y rất phức tạp, diễn biến kh&oacute; lường. Nhiều ổ dịch xuất hiện tại khu c&ocirc;ng nghiệp,&hellip;</p>', '<p><strong>Bộ trưởng Bộ Y tế Nguyễn Thanh Long cho biết đợt dịch lần n&agrave;y rất phức tạp, diễn biến kh&oacute; lường. Nhiều ổ dịch xuất hiện tại khu c&ocirc;ng nghiệp, chợ d&acirc;n sinh&hellip; n&ecirc;n dự b&aacute;o sẽ tiếp tục ghi nhận nhiều ca mắc mới.</strong></p>\r\n\r\n<p>Ng&agrave;y 12/7, Bộ trưởng Bộ Y tế Nguyễn Thanh Long c&oacute; thư gửi c&aacute;n bộ, c&ocirc;ng chức, vi&ecirc;n chức, người lao động ng&agrave;nh Y tế.</p>\r\n\r\n<p>Theo đ&oacute;, những ng&agrave;y n&agrave;y, cả nước đang d&otilde;i theo t&igrave;nh h&igrave;nh dịch bệnh tại TPHCM v&agrave; c&aacute;c tỉnh miền Nam, nơi m&agrave; ch&iacute;nh quyền v&agrave; nh&acirc;n d&acirc;n đang trải qua những thời khắc kh&oacute; khăn để ph&ograve;ng, chống dịch Covid-19.</p>\r\n\r\n<p style=\"text-align:center\"><img alt=\"\" height=\"731\" sizes=\"(max-width: 1024px) 100vw, 1024px\" src=\"http://vienhuyethoc.vn/wp-content/uploads/2021/07/tam-thu-bo-truong-y-te-gui-nhan-vien-y-te-toan-nganh-khi-dich-covid-19-phuc-tap-hinh-2.jpg\" srcset=\"http://vienhuyethoc.vn/wp-content/uploads/2021/07/tam-thu-bo-truong-y-te-gui-nhan-vien-y-te-toan-nganh-khi-dich-covid-19-phuc-tap-hinh-2.jpg 800w, http://vienhuyethoc.vn/wp-content/uploads/2021/07/tam-thu-bo-truong-y-te-gui-nhan-vien-y-te-toan-nganh-khi-dich-covid-19-phuc-tap-hinh-2-300x214.jpg 300w, http://vienhuyethoc.vn/wp-content/uploads/2021/07/tam-thu-bo-truong-y-te-gui-nhan-vien-y-te-toan-nganh-khi-dich-covid-19-phuc-tap-hinh-2-768x548.jpg 768w\" width=\"1024\" /></p>\r\n\r\n<p style=\"text-align:center\"><em>Bộ trưởng Bộ Y tế Nguyễn Thanh Long gửi thư động vi&ecirc;n c&aacute;n bộ y tế. Ảnh: Bộ Y tế</em></p>\r\n\r\n<p>Bộ trưởng cho biết đợt dịch lần n&agrave;y rất phức tạp, diễn biến kh&oacute; lường, số ca mắc tăng cao, ảnh hưởng s&acirc;u rộng đến mọi mặt đời sống kinh tế &ndash; x&atilde; hội v&agrave; cuộc sống mưu sinh của người d&acirc;n. Điều đ&aacute;ng quan ngại l&agrave; sự xuất hiện của biến thể Delta, c&oacute; tốc độ l&acirc;y nhanh v&agrave; lan ra diện rộng trong thời gian ngắn. Đặc biệt, nhiều ổ dịch được ghi nhận trong c&aacute;c khu c&ocirc;ng nghiệp, tại c&aacute;c khu chợ d&acirc;n sinh, chợ đầu mối, v&agrave; c&aacute;c cụm cư d&acirc;n đ&ocirc;ng đ&uacute;c, do vậy thời gian tới dự b&aacute;o sẽ tiếp tục ghi nhận nhiều ca mắc mới.</p>\r\n\r\n<p>Bộ trưởng đ&aacute;nh gi&aacute; rất cao tinh thần quả cảm, x&ocirc;ng pha, kh&ocirc;ng ngại gian nguy, tiếp sức cho nhau để l&agrave;m tr&ograve;n bổn phận của người thầy thuốc trong c&ocirc;ng t&aacute;c bảo vệ, chăm s&oacute;c sức khỏe người d&acirc;n.</p>\r\n\r\n<p style=\"text-align:center\"><img alt=\"\" height=\"683\" sizes=\"(max-width: 1024px) 100vw, 1024px\" src=\"http://vienhuyethoc.vn/wp-content/uploads/2021/07/Bo-Truong-Y-Te.jpg\" srcset=\"http://vienhuyethoc.vn/wp-content/uploads/2021/07/Bo-Truong-Y-Te.jpg 888w, http://vienhuyethoc.vn/wp-content/uploads/2021/07/Bo-Truong-Y-Te-300x200.jpg 300w, http://vienhuyethoc.vn/wp-content/uploads/2021/07/Bo-Truong-Y-Te-768x512.jpg 768w\" width=\"1024\" /></p>\r\n\r\n<p style=\"text-align:center\"><em>Bộ trưởng b&agrave;y tỏ tin tưởng chiến lược 5k + vắc xin,&nbsp;nhất định ch&uacute;ng ta sẽ sớm chiến thắng, đẩy l&ugrave;i dịch bệnh.</em></p>\r\n\r\n<p>&ldquo;Nhiều anh chị để lại sau lưng con thơ, mẹ gi&agrave;, cha yếu, sẵn s&agrave;ng đi v&agrave;o t&acirc;m dịch. H&igrave;nh ảnh những giọt mồ h&ocirc;i thấm đẫm th&acirc;n m&igrave;nh trong những ng&agrave;y h&egrave; oi ả, những bữa cơm muộn, những đ&ecirc;m thức trắng để lấy mẫu x&eacute;t nghiệm, truy vết, đưa người bệnh đi c&aacute;ch ly&hellip; thật sự x&uacute;c động v&agrave; kh&ocirc;ng thể n&agrave;o qu&ecirc;n&rdquo;, Bộ trưởng viết trong thư.</p>\r\n\r\n<p>Thay mặt l&atilde;nh đạo Bộ Y tế, Bộ trưởng k&ecirc;u gọi mỗi c&aacute; nh&acirc;n, tập thể trong ng&agrave;nh y tế tiếp tục chung sức, đồng l&ograve;ng, sẵn s&agrave;ng t&igrave;nh nguyện, l&ecirc;n đường tham gia hỗ trợ c&aacute;c địa phương để chống dịch.</p>\r\n\r\n<p>&ldquo;Với tinh thần đại đo&agrave;n kết, triệu người như một, thống nhất &yacute; ch&iacute; v&agrave; h&agrave;nh động, ph&aacute;t huy tr&iacute; th&ocirc;ng minh, t&iacute;nh s&aacute;ng tạo, &yacute; ch&iacute; ki&ecirc;n cường của người Việt Nam, c&ugrave;ng với chiến lược 5K + vắc xin, nhất định ch&uacute;ng ta sẽ sớm chiến thắng, đẩy l&ugrave;i dịch bệnh&rdquo;, Bộ trưởng b&agrave;y tỏ tin tưởng.</p>\r\n\r\n<p style=\"text-align:right\"><em>Theo Dantri.com.vn</em></p>', 'Bộ trưởng Bộ Y tế, COVID-19', 'COVID-19', 1, 'ANH-WEBSITE-bo-truong-bo-y-te-gui-thu-dong-vien44.jpg', '2021-07-15'),
(17, 4, 'Những ai được ưu tiên tiêm vắc xin Covid-19 trong thời gian tới?', 'nhung-ai-duoc-uu-tien-tiem-vac-xin-covid-19-trong-thoi-gian-toi-', '<p>Đối tượng ti&ecirc;m l&agrave; to&agrave;n bộ người d&acirc;n trong độ tuổi c&oacute; chỉ định ti&ecirc;m vắc xin, ưu ti&ecirc;n cho tuyến đầu chống dịch v&agrave; ph&aacute;t triển kinh tế. Đồng&hellip;</p>', '<p><strong>Đối tượng ti&ecirc;m l&agrave; to&agrave;n bộ người d&acirc;n trong độ tuổi c&oacute; chỉ định ti&ecirc;m vắc xin, ưu ti&ecirc;n cho tuyến đầu chống dịch v&agrave; ph&aacute;t triển kinh tế. Đồng thời, Việt Nam sẽ ti&ecirc;m cho cả người tr&ecirc;n 65 tuổi.</strong></p>\r\n\r\n<p>Ng&agrave;y 8/7, Bộ trưởng Y tế k&yacute; quyết định ban h&agrave;nh kế hoạch triển khai chiến dịch&nbsp;<a href=\"http://xn--tim%20vc%20xin%20phng%20covid-19-93c30aw926g:%20Ai%20%C4%91%E1%BB%A7%20v%C3%A0%20kh%C3%B4ng%20%C4%91%E1%BB%A7%20%C4%91i%E1%BB%81u%20ki%E1%BB%87n/?\">ti&ecirc;m vắc xin ph&ograve;ng Covid-19</a>&nbsp;năm 2021-2022. Theo đ&oacute;, đến nay đ&atilde; c&oacute; khoảng 105 triệu liều vắc xin từ c&aacute;c nguồn cung ứng kh&aacute;c nhau được cam kết ph&acirc;n bổ cho Việt Nam.</p>\r\n\r\n<p style=\"text-align:center\"><img alt=\"\" height=\"628\" sizes=\"(max-width: 1024px) 100vw, 1024px\" src=\"http://vienhuyethoc.vn/wp-content/uploads/2021/07/ANH-WEBSITE-doi-tuong-duoc-tiem-vac-xin-1024x628.jpg\" srcset=\"http://vienhuyethoc.vn/wp-content/uploads/2021/07/ANH-WEBSITE-doi-tuong-duoc-tiem-vac-xin-1024x628.jpg 1024w, http://vienhuyethoc.vn/wp-content/uploads/2021/07/ANH-WEBSITE-doi-tuong-duoc-tiem-vac-xin-300x184.jpg 300w, http://vienhuyethoc.vn/wp-content/uploads/2021/07/ANH-WEBSITE-doi-tuong-duoc-tiem-vac-xin-768x471.jpg 768w, http://vienhuyethoc.vn/wp-content/uploads/2021/07/ANH-WEBSITE-doi-tuong-duoc-tiem-vac-xin.jpg 1385w\" width=\"1024\" /></p>\r\n\r\n<p>Việt Nam đặt ra mục ti&ecirc;u cuối năm 2021 hoặc đầu năm 2022 c&oacute; thể đạt miễn dịch cộng đồng, khoảng 70% d&acirc;n số phải được ti&ecirc;m vắc xin Covid-19 đủ 2 liều. Cụ thể: tối thiểu 50% người từ 18 tuổi trở l&ecirc;n được ti&ecirc;m vắc xin Covid-19 trong năm 2021. Tỷ lệ n&agrave;y đến hết qu&yacute; 1/2022 sẽ l&agrave; tr&ecirc;n 70% d&acirc;n số được ti&ecirc;m.</p>\r\n\r\n<p>Trong bối cảnh số lượng lớn vắc xin sẽ về trong thời gian tới, Việt Nam sẽ triển khai chiến dịch ti&ecirc;m chủng lớn nhất trong lịch sử tr&ecirc;n quy m&ocirc; to&agrave;n quốc với sự tham gia của nhiều lực lượng y tế, qu&acirc;n đội, c&ocirc;ng an v&agrave; c&aacute;c bộ, ng&agrave;nh.</p>\r\n\r\n<p>Chiến dịch triển khai tại tất cả c&aacute;c x&atilde;, phường, thị trấn tr&ecirc;n to&agrave;n quốc; sử dụng đồng thời tất cả c&aacute;c loại vắc xin đủ điều kiện từ nguồn cung ứng kh&aacute;c nhau để tăng độ bao phủ của vắc xin cho người d&acirc;n.</p>\r\n\r\n<p><strong>Đối tượng được ti&ecirc;m vắc xin ph&ograve;ng Covid-19</strong></p>\r\n\r\n<p>Đối tượng ti&ecirc;m l&agrave; to&agrave;n bộ người d&acirc;n trong độ tuổi c&oacute; chỉ định sử dụng vắc xin theo khuyến c&aacute;o của nh&agrave; sản xuất, trong đ&oacute; ưu ti&ecirc;n cho c&aacute;c lực lượng tuyến đầu ph&ograve;ng chống dịch v&agrave; lực lượng tuyến đầu trong th&uacute;c đẩy, ph&aacute;t triển kinh tế. Cụ thể gồm 16 nh&oacute;m đối tượng, trong đ&oacute; ngo&agrave;i c&aacute;n bộ y tế, lực lượng c&ocirc;ng an, qu&acirc;n đội, gi&aacute;o vi&ecirc;n, học sinh, sinh vi&ecirc;n, c&aacute;n bộ hải quan&hellip; th&igrave; sẽ c&oacute; cả người mắc bệnh mạn t&iacute;nh, người tr&ecirc;n 65 tuổi, người ngh&egrave;o, c&aacute;c đối tượng ch&iacute;nh s&aacute;ch, người b&aacute;n h&agrave;ng ăn, bu&ocirc;n b&aacute;n ở chợ, x&acirc;y dựng, lao động tự do&hellip;</p>\r\n\r\n<p>Phạm vi triển khai của chiến dịch l&agrave; tr&ecirc;n quy m&ocirc; to&agrave;n quốc, trong đ&oacute; ưu ti&ecirc;n cho 4 nh&oacute;m tỉnh, th&agrave;nh phố gồm:</p>\r\n\r\n<p>&ndash; C&aacute;c tỉnh, th&agrave;nh đang c&oacute; dịch, trong đ&oacute; ưu ti&ecirc;n ti&ecirc;m trước cho đối tượng ở v&ugrave;ng đang c&oacute; dịch.</p>\r\n\r\n<p>&ndash; C&aacute;c tỉnh, th&agrave;nh phố thuộc v&ugrave;ng kinh tế trọng điểm hoặc c&oacute; thực hiện th&iacute; điểm c&aacute;c đề &aacute;n ph&aacute;t triển kinh tế của Ch&iacute;nh phủ</p>\r\n\r\n<p>&ndash; C&aacute;c tỉnh, th&agrave;nh phố c&oacute; nhiều khu c&ocirc;ng nghiệp, cụm c&ocirc;ng nghiệp, đ&ocirc;ng c&ocirc;ng nh&acirc;n v&agrave; d&acirc;n cư.</p>\r\n\r\n<p>&ndash; C&aacute;c tỉnh, th&agrave;nh phố c&oacute; bi&ecirc;n giới, giao lưu đi lại lớn, c&oacute; cửa khẩu quốc tế.</p>\r\n\r\n<p>Bộ Y tế sẽ ph&acirc;n bổ vắc xin theo từng đợt cung ứng vắc xin theo thứ tự ưu ti&ecirc;n.</p>\r\n\r\n<p>Kế hoạch n&agrave;y cũng quy định r&otilde; việc bảo quản vắc xin như thế n&agrave;o tương ứng với từng điều kiện về nhiệt độ bảo quản, đơn vị n&agrave;o vận chuyển&hellip;; việc tổ chức ti&ecirc;m chủng (ngo&agrave;i hệ thống ti&ecirc;m chủng mở rộng sẵn c&oacute; c&oacute; thể bố tr&iacute; c&aacute;c cụm điểm ti&ecirc;m chủng lưu động, bố tr&iacute; ti&ecirc;m chủng theo giờ đảm bảo gi&atilde;n c&aacute;ch&hellip;). C&aacute;c sở điều trị sẽ ti&ecirc;m cho c&aacute;c đối tượng cần được theo d&otilde;i đặc biệt theo hướng dẫn của Bộ Y tế.</p>\r\n\r\n<p>Đồng thời, Bộ Y tế cũng lưu &yacute; c&aacute;c bệnh viện trung ương, tỉnh th&agrave;nh phố, bệnh viện v&agrave; trung t&acirc;m y tế cấp huyện tổ chức c&aacute;c đội cấp cứu tại đơn vị m&igrave;nh v&agrave; hỗ trợ cho c&aacute;c điểm ti&ecirc;m, đặc biệt l&agrave; ở c&aacute;c v&ugrave;ng đi lại kh&oacute; khăn, &iacute;t nhất một đội cấp cứu lưu động tại mỗi cụm 3-4 điểm ti&ecirc;m chủng. C&aacute;c bệnh viện đa khoa tỉnh, th&agrave;nh phố cũng phải dự ph&ograve;ng một số giường bệnh hồi sức t&iacute;ch cực (tối thiểu 5 giường/bệnh viện) để sẵn s&agrave;ng xử tr&iacute; c&aacute;c trường hợp tai biến nặng sau ti&ecirc;m.</p>\r\n\r\n<p>Để triển khai chiến dịch, Bộ Y tế lập c&aacute;c tiểu ban về tiếp nhận, vận chuyển, bảo quản vắc xin; ti&ecirc;m chủng; an to&agrave;n ti&ecirc;m chủng&hellip; Chiến dịch sẽ được triển khai từ th&aacute;ng 7/2021 tới th&aacute;ng 4/2022.</p>\r\n\r\n<p style=\"text-align:right\"><em>Theo b&aacute;o D&acirc;n tr&iacute;</em></p>', 'tiêm vắc xin COVID-19, vắc xin COVID', 'vắc xin COVID', 1, 'z2608521857823_c6b66c188f601b0359995ddc291ae54946.jpg', '2021-07-15'),
(18, 4, 'Thông tin về thực hiện xét nghiệm SARS-CoV-2 tại Viện Huyết học – Truyền máu Trung ương', 'thong-tin-ve-thuc-hien-xet-nghiem-sars-cov-2-tai-vien-huyet-hoc-truyen-mau-trung-uong', '<p>Nhằm ứng ph&oacute; kịp thời trước diễn biến phức tạp của dịch COVID-19, ng&agrave;y 1/7/2021, L&atilde;nh đạo Viện Huyết học &ndash; Truyền m&aacute;u Trung ương đ&atilde; ban h&agrave;nh hướng dẫn&hellip;</p>', '<p><strong>Nhằm ứng ph&oacute; kịp thời trước diễn biến phức tạp của dịch COVID-19, ng&agrave;y 1/7/2021, L&atilde;nh đạo Viện Huyết học &ndash; Truyền m&aacute;u Trung ương đ&atilde; ban h&agrave;nh hướng dẫn x&eacute;t nghiệm SARS-CoV-2 tại Viện đối với c&aacute;c trường hợp l&agrave; c&aacute;n bộ, nh&acirc;n vi&ecirc;n l&agrave;m việc tại Viện, người bệnh, người nh&agrave; người bệnh.</strong></p>\r\n\r\n<p><img alt=\"\" height=\"1982\" sizes=\"(max-width: 3230px) 100vw, 3230px\" src=\"http://vienhuyethoc.vn/wp-content/uploads/2021/07/z2601214391512_ee7deb4f2dd64e589adbaa9108f75183.jpg\" srcset=\"http://vienhuyethoc.vn/wp-content/uploads/2021/07/z2601214391512_ee7deb4f2dd64e589adbaa9108f75183.jpg 3230w, http://vienhuyethoc.vn/wp-content/uploads/2021/07/z2601214391512_ee7deb4f2dd64e589adbaa9108f75183-300x184.jpg 300w, http://vienhuyethoc.vn/wp-content/uploads/2021/07/z2601214391512_ee7deb4f2dd64e589adbaa9108f75183-768x471.jpg 768w, http://vienhuyethoc.vn/wp-content/uploads/2021/07/z2601214391512_ee7deb4f2dd64e589adbaa9108f75183-1024x628.jpg 1024w\" width=\"3230\" /></p>\r\n\r\n<p>Hiện c&oacute; 3 loại x&eacute;t nghiệm SARS-CoV-2 được thực hiện tại Viện Huyết học &ndash; Truyền m&aacute;u Trung ương: X&eacute;t nghiệm bằng phương ph&aacute;p Realtime RT-PCR mẫu đơn, x&eacute;t nghiệm Realtime RT-PCR mẫu gộp 5 v&agrave; x&eacute;t nghiệm nhanh kh&aacute;ng nguy&ecirc;n.</p>\r\n\r\n<p><strong>Cụ thể như sau:</strong><br />\r\n<strong>1. Đối với c&aacute;n bộ, nh&acirc;n vi&ecirc;n y tế, người lao động l&agrave;m việc tại Viện:</strong>&nbsp;Định kỳ 7 ng&agrave;y/lần, thực hiện x&eacute;t nghiệm bằng phương ph&aacute;p Realtime RT-PCR.</p>\r\n\r\n<p>Trong đ&oacute;, 100% c&aacute;n bộ, nh&acirc;n vi&ecirc;n thuộc c&aacute;c khoa l&acirc;m s&agrave;ng, khoa Hiến m&aacute;u v&agrave; c&aacute;c th&agrave;nh phần m&aacute;u, khoa Chẩn đo&aacute;n h&igrave;nh ảnh, ph&ograve;ng C&ocirc;ng t&aacute;c x&atilde; hội, ph&ograve;ng T&agrave;i ch&iacute;nh kế to&aacute;n sẽ thực hiện x&eacute;t nghiệm n&agrave;y.</p>\r\n\r\n<p>C&aacute;c khoa/ ph&ograve;ng c&ograve;n lại thực hiện ở mức 50%.</p>\r\n\r\n<p><strong>2. Đối với người d&acirc;n đến kh&aacute;m bệnh:</strong>&nbsp;Theo&nbsp;<a href=\"https://thuvienphapluat.vn/van-ban/The-thao-Y-te/Quyet-dinh-2008-QD-BYT-2021-huong-dan-dieu-tri-COVID19-do-chung-vi-rut-Corona-moi-472206.aspx\">Quyết định số 2008/QĐ-BYT ng&agrave;y 26/4/2021</a>&nbsp;của Bộ Y tế, x&eacute;t nghiệm mẫu đơn Realtime RT-PCR với người bệnh c&oacute; sốt v&agrave;/hoặc vi&ecirc;m đường h&ocirc; hấp cấp t&iacute;nh kh&ocirc;ng l&yacute; giải được bằng c&aacute;c nguy&ecirc;n nh&acirc;n kh&aacute;c; hoặc Người bệnh c&oacute; bất kỳ triệu chứng h&ocirc; hấp n&agrave;o V&Agrave; c&oacute; tiền sử đến/qua/ở/về từ v&ugrave;ng tễ c&oacute; bệnh COVID-19 trong khoảng 14 ng&agrave;y trước khi khởi ph&aacute;t c&aacute;c triệu chứng HOẶC tiếp x&uacute;c gần với trường hợp bệnh nghi ngờ hoặc x&aacute;c định COVID-19 trong khoảng 14 ng&agrave;y trước khi khởi ph&aacute;t c&aacute;c triệu chứng.</p>\r\n\r\n<p>Đơn vị chỉ định v&agrave; lấy mẫu: Khoa Kh&aacute;m bệnh v&agrave; Điều trị ngoại tr&uacute;.</p>\r\n\r\n<p>Thực hiện test nhanh với người bệnh C&Oacute; tiền sử đến/qua/ở/về từ v&ugrave;ng tễ c&oacute; bệnh COVID-19 trong v&ograve;ng 14 ng&agrave;y HOẶC tiếp x&uacute;c gần với trường hợp bệnh nghi ngờ hoặc x&aacute;c định COVID-19 trong khoảng 14 ng&agrave;y trước khi khởi ph&aacute;t c&aacute;c triệu chứng, nhưng kh&ocirc;ng c&oacute; triệu chứng h&ocirc; hấp.</p>\r\n\r\n<p>Trong trường hợp phải v&agrave;o điều trị nội tr&uacute;, b&aacute;c sĩ khoa Kh&aacute;m bệnh v&agrave; Điều trị ngoại tr&uacute; sẽ chỉ định l&agrave;m tiếp x&eacute;t nghiệm SARS-CoV-2 bằng phương ph&aacute;p Realtime RT- PCR trước khi l&ecirc;n c&aacute;c khoa l&acirc;m s&agrave;ng.</p>\r\n\r\n<p>Đối với người bệnh KH&Ocirc;NG C&Oacute; tiền sử đến/qua/ở/về từ v&ugrave;ng tễ c&oacute; bệnh COVID-19 HOẶC tiếp x&uacute;c gần với trường hợp bệnh nghi ngờ hoặc x&aacute;c định COVID-19 trong khoảng 14 ng&agrave;y trước khi khởi ph&aacute;t c&aacute;c triệu chứng, kh&ocirc;ng c&oacute; triệu chứng h&ocirc; hấp kh&ocirc;ng cần thực hiện x&eacute;t nghiệm SARS-CoV-2. Trong trường hợp phải v&agrave;o điều trị nội tr&uacute;, người bệnh sẽ được chỉ định l&agrave;m x&eacute;t nghiệm SARS-CoV-2 bằng phương ph&aacute;p Realtime RT-PCR tại c&aacute;c khoa l&acirc;m s&agrave;ng.</p>\r\n\r\n<p><strong>3. Đối với người bệnh v&agrave;o điều trị nội tr&uacute; v&agrave; ngoại tr&uacute; theo hẹn:</strong>&nbsp;Khoa Kh&aacute;m bệnh v&agrave; Điều trị ngoại tr&uacute; chỉ định x&eacute;t nghiệm mẫu đơn Realtime RT-PCR với người bệnh c&oacute; sốt v&agrave;/hoặc vi&ecirc;m đường h&ocirc; hấp cấp t&iacute;nh kh&ocirc;ng l&yacute; giải được bằng c&aacute;c nguy&ecirc;n nh&acirc;n kh&aacute;c; hoặc Người bệnh c&oacute; bất kỳ triệu chứng h&ocirc; hấp n&agrave;o V&Agrave; c&oacute; tiền sử đến/qua/ở/về từ v&ugrave;ng tễ c&oacute; bệnh COVID-19 trong khoảng 14 ng&agrave;y trước khi khởi ph&aacute;t c&aacute;c triệu chứng HOẶC tiếp x&uacute;c gần với trường hợp bệnh nghi ngờ hoặc x&aacute;c định COVID-19 trong khoảng 14 ng&agrave;y trước khi khởi ph&aacute;t c&aacute;c triệu chứng.</p>\r\n\r\n<p>Khoa Kh&aacute;m bệnh v&agrave; Điều trị ngoại tr&uacute; cũng chỉ định x&eacute;t nghiệm Realtime RT-PCR đối với người bệnh C&Oacute; tiền sử đến/qua/ở/về từ v&ugrave;ng tễ c&oacute; bệnh COVID-19 trong v&ograve;ng 14 ng&agrave;y, nhưng KH&Ocirc;NG C&Oacute; triệu chứng h&ocirc; hấp.</p>\r\n\r\n<p>Ri&ecirc;ng với người bệnh Hemophilia điều trị ngoại tr&uacute; th&igrave; l&agrave;m test nhanh SARS-CoV-2.</p>\r\n\r\n<p>Đối với người bệnh KH&Ocirc;NG C&Oacute; tiền sử đến/qua/ở/về từ v&ugrave;ng tễ c&oacute; bệnh COVID-19 HOẶC tiếp x&uacute;c gần với trường hợp bệnh nghi ngờ hoặc x&aacute;c định COVID-19 trong khoảng 14 ng&agrave;y trước khi khởi ph&aacute;t c&aacute;c triệu chứng v&agrave; KH&Ocirc;NG C&Oacute; triệu chứng h&ocirc; hấp, c&aacute;c khoa l&acirc;m s&agrave;ng sẽ chỉ định x&eacute;t nghiệm: Realtime RT- PCR.</p>\r\n\r\n<p>Lưu &yacute;: Kh&ocirc;ng thực hiện x&eacute;t nghiệm s&agrave;ng lọc Covid-19 với người bệnh điều trị ngoại tr&uacute; thuộc nh&oacute;m đối tượng n&agrave;y.</p>\r\n\r\n<p><strong>4. Đối với người bệnh đang điều trị nội tr&uacute; tại c&aacute;c khoa l&acirc;m s&agrave;ng:</strong>&nbsp;C&aacute;c khoa l&acirc;m s&agrave;ng chỉ định thực hiện x&eacute;t nghiệm định kỳ 7 ng&agrave;y/lần bằng phương ph&aacute;p Realtime RT-PCR theo Quyết định số 2008/QĐ-BYT ng&agrave;y 26/4/2021 của Bộ Y tế.</p>\r\n\r\n<p>Hướng dẫn cũng n&ecirc;u r&otilde; biện ph&aacute;p x&eacute;t nghiệm COVID-19 với người bệnh nội tr&uacute; cần chuyển tuyến; người nh&agrave; người bệnh ở lại chăm s&oacute;c, phương thức thanh to&aacute;n chi ph&iacute; x&eacute;t nghiệm COVID-19 với c&aacute;c trường hợp cụ thể.</p>\r\n\r\n<p>Xem chi tiết hướng dẫn triển khai x&eacute;t nghiệm s&agrave;ng lọc COVID-19 của Viện Huyết học &ndash; Truyền m&aacute;u Trung ương&nbsp;<strong><a href=\"http://vienhuyethoc.vn/wp-content/uploads/2021/07/xn-sl-covid19.pdf\">TẠI Đ&Acirc;Y.</a></strong></p>\r\n\r\n<p>Mọi vướng mắc xin li&ecirc;n hệ đường d&acirc;y n&oacute;ng: 0967 89 16 16</p>\r\n\r\n<p>Quy định n&agrave;y thay thế cho c&aacute;c quy định đ&atilde; được Viện ban h&agrave;nh trước đ&acirc;y v&agrave; c&oacute; hiệu lực từ ng&agrave;y k&yacute;.</p>\r\n\r\n<p style=\"text-align:right\"><em>Vương Tuấn (tổng hợp)</em></p>', 'COVID-19, điều trị bệnh nhân COVID-19, xét nghiệm COVID19', 'COVID-19', 1, 'xetnghiemcovid14.jpg', '2021-07-15'),
(19, 5, 'Hoãn tổ chức Hội thảo khoa học về bệnh Thalassemia', 'hoan-to-chuc-hoi-thao-khoa-hoc-ve-benh-thalassemia', '<p>Viện Huyết học &ndash; Truyền m&aacute;u Trung ương đ&atilde; gửi c&ocirc;ng văn số 445/HHTM ng&agrave;y 07 th&aacute;ng 4 năm 2021 về việc tổ chức Hội thảo khoa học về bệnh&hellip;</p>', '<p>Viện Huyết học &ndash; Truyền m&aacute;u Trung ương đ&atilde; gửi c&ocirc;ng văn số 445/HHTM ng&agrave;y 07 th&aacute;ng 4 năm 2021 về việc tổ chức Hội thảo khoa học về bệnh Thalassemia. Theo kế hoạch, chương tr&igrave;nh hội thảo dự kiến tổ chức v&agrave;o ng&agrave;y 08 th&aacute;ng 5 năm 2021 (thứ Bảy) tại Viện Huyết học &ndash; Truyền m&aacute;u Trung ương.</p>\r\n\r\n<p>Tuy nhi&ecirc;n hiện nay t&igrave;nh h&igrave;nh dịch bệnh COVID &ndash; 19 đang diễn biến phức tạp ở nhiều địa phương tr&ecirc;n cả nước (trong đ&oacute; c&oacute; H&agrave; Nội), Viện Huyết học &ndash; Truyền m&aacute;u Trung ương xin th&ocirc;ng b&aacute;o:&nbsp;<strong>Ho&atilde;n tổ chức</strong>&nbsp;Hội thảo khoa học về bệnh Thalassemia ng&agrave;y 08 th&aacute;ng 5 năm 2021 tại H&agrave; Nội để đảm bảo an to&agrave;n cho đại biểu v&agrave; chung tay c&ugrave;ng cả nước ph&ograve;ng dịch bệnh. Thời gian tổ chức lại sẽ được th&ocirc;ng b&aacute;o tới Qu&yacute; đơn vị sau khi dịch bệnh được kiểm so&aacute;t.</p>\r\n\r\n<p><a href=\"http://vienhuyethoc.vn/wp-content/uploads/2021/05/Hoan-to-chuc-hoi-thao.pdf\">Xem chi tiết th&ocirc;ng b&aacute;o tại đ&acirc;y.</a></p>\r\n\r\n<p><em>Viện Huyết học &ndash; Truyền m&aacute;u Trung ương</em></p>', 'phòng dịch Covid - 19', 'phòng dịch Covid - 19', 1, 'thong-bao-vhh28.jpg', '2021-07-15'),
(20, 5, 'Thông báo Đăng ký danh sách cử tri tham gia bầu cử', 'thong-bao-dang-ky-danh-sach-cu-tri-tham-gia-bau-cu', '<p>Viện Huyết học &ndash; Truyền m&aacute;u Trung ương nhận được c&ocirc;ng văn số 103/UBND&ndash;VP ng&agrave;y 26 th&aacute;ng 3 năm 2021 của Ủy ban nh&acirc;n d&acirc;n phường Y&ecirc;n H&ograve;a về việc&hellip;</p>', '<p>Viện Huyết học &ndash; Truyền m&aacute;u Trung ương nhận được c&ocirc;ng văn số 103/UBND&ndash;VP ng&agrave;y 26 th&aacute;ng 3 năm 2021 của Ủy ban nh&acirc;n d&acirc;n phường Y&ecirc;n H&ograve;a về việc th&agrave;nh lập Tổ bầu cử; lập v&agrave; bổ sung danh s&aacute;ch cử tri tham gia bầu cử đại biểu Quốc hội kh&oacute;a XV v&agrave; bầu cử đại biểu HĐND c&aacute;c cấp nhiệm kỳ 2021 &ndash; 2026; Viện trưởng y&ecirc;u cầu c&aacute;c đơn vị thuộc Viện; vi&ecirc;n chức, người lao động đang c&ocirc;ng t&aacute;c tại Viện v&agrave; người bệnh, người nh&agrave; người bệnh đang điều trị tại Viện thực hiện c&aacute;c nội dung sau:</p>\r\n\r\n<p><img alt=\"\" height=\"943\" src=\"http://vienhuyethoc.vn/wp-content/uploads/2021/04/dang-ky-danh-sach-cu-tri-e1619520909449.jpg\" width=\"1499\" /></p>\r\n\r\n<p><strong>1. Đối với vi&ecirc;n chức v&agrave; người lao động c&ocirc;ng t&aacute;c tại Viện:</strong></p>\r\n\r\n<p>&ndash; Thực hiện đăng k&yacute; bỏ phiếu bầu cử đại biểu Quốc hội kh&oacute;a XV v&agrave; bầu cử đại biểu HĐND c&aacute;c cấp nhiệm kỳ 2021 &ndash; 2026 (nếu c&oacute; nguyện vọng v&agrave; đủ điều kiện) tại Viện Huyết học &ndash; Truyền m&aacute;u Trung ương;</p>\r\n\r\n<p>&ndash; Thời gian đăng k&yacute;: Từ ng&agrave;y 27/4/2021 (thứ Ba) đến hết ng&agrave;y 05/5/2021 (thứ Tư).</p>\r\n\r\n<p><strong>2. Đối với người bệnh, người nh&agrave; người bệnh đang điều trị tại Viện:</strong></p>\r\n\r\n<p>&ndash; Trưởng/Phụ tr&aacute;ch c&aacute;c đơn vị khối L&acirc;m s&agrave;ng tổ chức th&ocirc;ng b&aacute;o c&aacute;c nội dung li&ecirc;n quan đến c&ocirc;ng t&aacute;c bầu cử đại biểu Quốc hội kh&oacute;a XV v&agrave; bầu cử đại biểu HĐND c&aacute;c cấp nhiệm kỳ 2021 &ndash; 2026 đến người bệnh, người nh&agrave; người bệnh v&agrave; lập danh s&aacute;ch cử tri (nếu c&oacute; nguyện vọng v&agrave; đủ điều kiện) tham gia bầu cử tại Viện;</p>\r\n\r\n<p>&ndash; Thời gian đăng k&yacute;: Từ ng&agrave;y 27/4/2021 (thứ Ba) đến hết ng&agrave;y 20/5/2021 (thứ Năm).</p>\r\n\r\n<p><strong>3. Ng&agrave;y bầu cử:</strong>&nbsp;Ng&agrave;y 23/5/2021 (Chủ nhật).</p>\r\n\r\n<p><strong>4. Địa điểm bầu cử:</strong>&nbsp;Hội trường tầng 2, Viện Huyết học &ndash; Truyền m&aacute;u Trung ương.</p>\r\n\r\n<p>5. Danh s&aacute;ch đăng k&yacute; bầu cử đại biểu Quốc hội kh&oacute;a XV v&agrave; bầu cử đại biểu HĐND c&aacute;c cấp nhiệm kỳ 2021 &ndash; 2026 gửi về ph&ograve;ng Tổ chức c&aacute;n bộ (gửi trực tiếp cho ThS. Nguyễn Văn Ch&iacute;nh) để tổng hợp v&agrave; b&aacute;o c&aacute;o triển khai thực hiện.</p>\r\n\r\n<p><u><strong><a href=\"http://vienhuyethoc.vn/wp-content/uploads/2021/04/C%C3%B4ng-v%C4%83n-%C4%91%C4%83ng-k%C3%BD-danh-s%C3%A1ch-c%E1%BB%AD-tri.pdf\"><span style=\"color:#e74c3c\">Chi tiết c&ocirc;ng văn tại đ&acirc;y.</span></a></strong></u></p>', 'bầu cử', 'bầu cử', 1, 'dang-ky-danh-sach-cu-tri-e16195209094491.jpg', '2021-07-15'),
(21, 5, 'Lịch làm việc của Viện trong dịp nghỉ lễ 30/4 – 1/5/2021', 'lich-lam-viec-cua-vien-trong-dip-nghi-le-30-4-1-5-2021', '<p>Thực hiện quy định của Nh&agrave; nước về lịch nghỉ lễ đối với c&aacute;n bộ, c&ocirc;ng chức, vi&ecirc;n chức, người lao động của c&aacute;c cơ quan h&agrave;nh ch&iacute;nh sự nghiệp,&hellip;</p>', '<p>Thực hiện quy định của Nh&agrave; nước về lịch nghỉ lễ đối với c&aacute;n bộ, c&ocirc;ng chức, vi&ecirc;n chức, người lao động của c&aacute;c cơ quan h&agrave;nh ch&iacute;nh sự nghiệp, vi&ecirc;n chức v&agrave; người lao động của Viện Huyết học &ndash; Truyền m&aacute;u Trung ương sẽ được nghỉ li&ecirc;n tục trong 04 ng&agrave;y, từ ng&agrave;y 30/4 đến hết ng&agrave;y 03/5/2021.</p>\r\n\r\n<p><img alt=\"\" height=\"1251\" sizes=\"(max-width: 2280px) 100vw, 2280px\" src=\"http://vienhuyethoc.vn/wp-content/uploads/2021/04/Lich-lam-viec-30.4.jpg\" srcset=\"http://vienhuyethoc.vn/wp-content/uploads/2021/04/Lich-lam-viec-30.4.jpg 2280w, http://vienhuyethoc.vn/wp-content/uploads/2021/04/Lich-lam-viec-30.4-300x165.jpg 300w, http://vienhuyethoc.vn/wp-content/uploads/2021/04/Lich-lam-viec-30.4-768x421.jpg 768w, http://vienhuyethoc.vn/wp-content/uploads/2021/04/Lich-lam-viec-30.4-1024x562.jpg 1024w\" width=\"2280\" /></p>\r\n\r\n<p>Viện th&ocirc;ng b&aacute;o lịch l&agrave;m việc trong kỳ nghỉ lễ 30/4 v&agrave; Quốc tế Lao động 1/5 năm 2021 tới người d&acirc;n, người đi kh&aacute;m, người hiến m&aacute;u như sau:</p>\r\n\r\n<p><strong>1. LỊCH KH&Aacute;M &ndash; X&Eacute;T NGHIỆM</strong></p>\r\n\r\n<ul>\r\n	<li>Thực hiện việc kh&aacute;m chữa bệnh, chăm s&oacute;c người bệnh đến cấp cứu v&agrave; đang điều trị nội tr&uacute; tại Viện trong c&aacute;c ng&agrave;y nghỉ lễ, từ 30/4 đến hết ng&agrave;y 03/5/2021.</li>\r\n	<li>Người bệnh, người đến kh&aacute;m (kh&aacute;m thu ph&iacute; v&agrave; kh&aacute;m theo bảo hiểm y tế): vui l&ograve;ng đến kh&aacute;m v&agrave;o ng&agrave;y l&agrave;m việc, ng&agrave;y 29/4 hoặc từ ng&agrave;y 04/5/2021 trở đi.</li>\r\n</ul>\r\n\r\n<p><strong>2. TIẾP NHẬN HIẾN M&Aacute;U V&Agrave; HIẾN TIỂU CẦU</strong></p>\r\n\r\n<ul>\r\n	<li><strong>Tại Viện Huyết học &ndash; Truyền m&aacute;u TW</strong>&nbsp;(Phố Phạm Văn Bạch, quận Cầu Giấy, H&agrave; Nội):\r\n\r\n	<ul>\r\n		<li>Người hiến m&aacute;u c&oacute; thể đến hiến m&aacute;u t&igrave;nh nguyện ở Khoa Tiếp nhận m&aacute;u (tầng 2) từ 8h đến 20h v&agrave;o tất cả c&aacute;c ng&agrave;y nghỉ lễ.</li>\r\n		<li>Đồng thời cũng c&oacute; thể hiến tiểu cầu tại Viện trong kỳ nghỉ lễ, nhưng n&ecirc;n gọi (024) 37821898 trước khi đến (do nhu cầu tiếp nhận tiểu cầu theo c&aacute;c nh&oacute;m m&aacute;u kh&aacute;c nhau t&ugrave;y thời điểm).</li>\r\n	</ul>\r\n	</li>\r\n	<li><strong>Tại c&aacute;c điểm hiến m&aacute;u cố định&nbsp;</strong>(26 Lương Ngọc Quyến, 132 Quan Nh&acirc;n v&agrave; số 10, ng&otilde; 122 đường L&aacute;ng): NGHỈ TIẾP NHẬN M&Aacute;U trong 04 ng&agrave;y nghỉ lễ.</li>\r\n</ul>\r\n\r\n<p>Tr&acirc;n trọng th&ocirc;ng b&aacute;o.</p>', 'hiến máu, khám bệnh', 'khám bệnh', 1, 'Lich-lam-viec-3012.jpg', '2021-07-15'),
(23, 6, 'Thông tin về dịch bệnh COVID-19 tại TP.HCM', 'thong-tin-ve-dich-benh-covid-19-tai-tp-hcm', '<p>H&ocirc;m nay l&agrave; ng&agrave;y thứ t&aacute;m thực hiện gi&atilde;n c&aacute;ch x&atilde; hội to&agrave;n Th&agrave;nh phố, đ&acirc;y l&agrave; thời gian then chốt để th&agrave;nh phố triển khai c&aacute;c biện ph&aacute;p quyết liệt nhằm kiểm so&aacute;t dịch bệnh với mục ti&ecirc;u triển t&aacute;ch cơ bản F0 ra khỏi cộng đồng, khoanh v&ugrave;ng,chặn đứng chuỗi l&acirc;y lan, giảm số ca mắc tiến tới kiểm so&aacute;t được t&igrave;nh h&igrave;nh dịch bệnh tại Th&agrave;nh phố.</p>', '<p style=\"text-align:center\"><img alt=\"\" src=\"https://hcdc.vn/public/img/02bf8460bf0d6384849ca010eda38cf8e9dbc4c7/images/dangbai1/images/thong-tin-ve-dich-benh-covid19-tai-tphcm-cap-nhat-7g-ngay-1672021/images/88999.png\" /></p>\r\n\r\n<p style=\"text-align:center\">Ảnh: gi&atilde;n c&aacute;ch x&atilde; hội theo chỉ thị 16. &nbsp;</p>\r\n\r\n<p>H&ocirc;m nay l&agrave; ng&agrave;y thứ t&aacute;m thực hiện gi&atilde;n c&aacute;ch x&atilde; hội to&agrave;n Th&agrave;nh phố, đ&acirc;y l&agrave; thời gian then chốt để th&agrave;nh phố triển khai c&aacute;c biện ph&aacute;p quyết liệt nhằm kiểm so&aacute;t dịch bệnh với mục ti&ecirc;u triển t&aacute;ch cơ bản F0 ra khỏi cộng đồng, khoanh v&ugrave;ng,chặn đứng chuỗi l&acirc;y lan, giảm số ca mắc tiến tới kiểm so&aacute;t được t&igrave;nh h&igrave;nh dịch bệnh tại Th&agrave;nh phố.</p>\r\n\r\n<p><strong>T&igrave;nh dịch bệnh COVID-19:</strong></p>\r\n\r\n<p>T&iacute;nh hết ng&agrave;y 15/7, c&oacute; 21.812 trường hợp mắc bệnh ph&aacute;t hiện tại Th&agrave;nh phố Hồ Ch&iacute; Minh được Bộ Y tế c&ocirc;ng bố (chưa t&iacute;nh số ca nhiễm đ&atilde; c&ocirc;ng bố s&aacute;ng ng&agrave;y 16/7); trong đ&oacute;: 21.551 trường hợp nhiễm trong cộng đồng, 261 trường hợp nhập cảnh.</p>\r\n\r\n<p>Trong ng&agrave;y 15/7, c&oacute; th&ecirc;m 59 bệnh nh&acirc;n xuất viện, tổng số ca điều trị khỏi l&agrave; 754. C&oacute; 144 bệnh nh&acirc;n tử vong rải r&aacute;c từ ng&agrave;y 7/6/2021 tới ng&agrave;y 15/7/2021. Một số trường hợp đ&atilde; được Bộ Y tế c&ocirc;ng bố, một số trường hợp đang ho&agrave;n tất th&ocirc;ng tin tr&ecirc;n hệ thống phần mềm quản l&yacute; điều trị bệnh nh&acirc;n COVID-19. Hiện đang điều trị 20.914 bệnh nh&acirc;n dương t&iacute;nh mới.</p>\r\n\r\n<p><strong>Điều tra, truy vết, khoanh v&ugrave;ng:&nbsp;</strong>C&aacute;c chuỗi l&acirc;y nhiễm gần đ&acirc;y như: chợ T&acirc;n Định quận 1, chợ B&igrave;nh Điền (bệnh nh&acirc;n l&agrave; những người sinh sống, b&aacute;n h&agrave;ng trong chợ); chuỗi l&acirc;y nhiễm li&ecirc;n quan đến c&aacute;c c&ocirc;ng ty trong khu chế xuất, khu c&ocirc;ng nghệ cao, c&aacute;c khu d&acirc;n cư&hellip; đ&atilde; được khoanh v&ugrave;ng, gi&aacute;m s&aacute;t chặt.</p>\r\n\r\n<p>Ph&aacute;t hiện th&ecirc;m 03 chuỗi l&acirc;y nhiễm mới: 02 tại khu phong tỏa, 01 tại chợ Ph&ugrave;ng Hưng quận 5 được ph&aacute;t hiện qua thực hiện tầm so&aacute;t khu vực nguy cơ. Tiến h&agrave;nh điều tra, truy vết, khoanh v&ugrave;ng, dập dịch, xử l&yacute; chuỗi l&acirc;y nhiễm mới ph&aacute;t hiện. Thực hiện chiến lược mới về điều tra truy vết, khoanh v&ugrave;ng dập dịch với phương ch&acirc;m thần tốc bao v&acirc;y dập dịch, nhanh ch&oacute;ng l&agrave;m sạch khu vực c&oacute; ca bệnh.</p>\r\n\r\n<p>Ph&acirc;n loại c&aacute;c v&ugrave;ng nguy cơ để triển khai x&eacute;t nghiệm, ưu ti&ecirc;n c&aacute;c v&ugrave;ng nguy cơ rất cao, nguy cơ cao. C&aacute;c quận huyện l&ecirc;n kế hoạch lấy mẫu để được điều phối ph&ugrave; hợp với năng lực x&eacute;t nghiệm, đảm bảo việc trả kết quả x&eacute;t nghiệm sớm để phục vụ c&ocirc;ng t&aacute;c điều tra, truy vết.</p>\r\n\r\n<p><strong>Kết quả x&eacute;t nghiệm phục vụ c&ocirc;ng t&aacute;c điều tra, truy vết, mở rộng x&eacute;t nghiệm</strong>: Kết quả x&eacute;t nghiệm từ 26/5 đến ng&agrave;y 15/7/2021: qua r&agrave; so&aacute;t số liệu, lọc tr&ugrave;ng, đ&atilde; lấy 1.964.004 mẫu x&eacute;t nghiệm (tại c&aacute;c khu c&aacute;ch ly, khu phong tỏa, c&aacute;c t&ograve;a nh&agrave;, khu d&acirc;n cư, khu c&ocirc;ng nghiệp, khu chế xuất, khu c&ocirc;ng nghệ cao,...), trong đ&oacute; 1.706.557 mẫu c&oacute; kết quả, 257.447 mẫu chờ kết quả.</p>\r\n\r\n<p><strong>Chiến dịch ti&ecirc;m vắc xin COVID-19:&nbsp;</strong>Chuẩn bị kế hoạch ti&ecirc;m đợt 5 khi vắc xin được ph&acirc;n bổ về th&agrave;nh phố dự kiến được ph&acirc;n bổ 54.990 liều vắc xin Pfizer, hơn 100.000 liều vắc xin AstraZeneca v&agrave; 1 triệu liều vắc xin Moderna. Chiến dịch sẽ được triển khai dựa tr&ecirc;n hệ thống ti&ecirc;m chủng mở rộng v&agrave; k&eacute;o d&agrave;i 2-3 tuần. C&aacute;c điểm ti&ecirc;m chủng chỉ thực hiện 120 người/ng&agrave;y để đảm bảo an to&agrave;n trong ti&ecirc;m chủng v&agrave; ph&ograve;ng chống COVID-19.</p>\r\n\r\n<p><a name=\"OLE_LINK1\"><strong>Kiểm tra, gi&aacute;m s&aacute;t</strong></a>: Thực hiện gi&aacute;m s&aacute;t người sau c&aacute;ch ly, bệnh nh&acirc;n sau xuất viện theo quy định. Tăng cường gi&aacute;m s&aacute;t hoạt động tại c&aacute;c khu c&aacute;ch ly tập trung. Đ&aacute;nh gi&aacute;, thẩm định c&aacute;c doanh nghiệp sản xuất đạt ti&ecirc;u chuẩn an to&agrave;n để hoạt động.</p>\r\n\r\n<p><strong>X&eacute;t nghiệm</strong>&nbsp;<strong>gi&aacute;m s&aacute;t:</strong>&nbsp;Lấy mẫu x&eacute;t nghiệm theo quy định đối với bệnh nh&acirc;n COVID-19 sau xuất viện, người c&aacute;ch ly tập trung, người sau c&aacute;ch ly. Triển khai quy tr&igrave;nh x&eacute;t nghiệm đảm bảo thời gian trả kết quả. Triển khai lấy mẫu tầm so&aacute;t người d&acirc;n cộng đồng bằng x&eacute;t nghiệm kh&aacute;ng nguy&ecirc;n nhanh v&agrave; x&eacute;t nghiệm RT-PCR. Tổ chức hoạt động x&eacute;t nghiệm theo từng hộ gia đ&igrave;nh để đảm bảo việc gi&atilde;n c&aacute;ch.</p>\r\n\r\n<p><strong>T&igrave;nh h&igrave;nh c&aacute;ch ly kiểm dịch tr&ecirc;n địa b&agrave;n Th&agrave;nh phố:</strong>&nbsp;Tổng số hiện đang thực hiện c&aacute;ch ly l&agrave; 51.064 trong đ&oacute;: 13.924 người đang c&aacute;ch ly tập trung, 37.122 trường hợp đang c&aacute;ch ly tại nh&agrave;/nơi lưu tr&uacute;.</p>\r\n\r\n<p>Tổ chức thực hiện th&iacute; điểm c&aacute;ch ly F1, c&aacute;ch ly F0 kh&ocirc;ng triệu chứng đủ điều kiện xuất viện tại nơi cư tr&uacute;..</p>\r\n\r\n<p>Trung t&acirc;m Kiểm so&aacute;t Bệnh tật TP.Hồ Ch&iacute; Minh (HCDC) khuyến c&aacute;o:</p>\r\n\r\n<ol>\r\n	<li>Chỉ ra khỏi nh&agrave; khi thật cần thiết.</li>\r\n	<li>B&igrave;nh tĩnh thực hiện c&aacute;c biện ph&aacute;p ph&ograve;ng bệnh theo hướng dẫn của địa phương.</li>\r\n	<li>Tu&acirc;n thủ c&aacute;c quy định khi thực hiện c&aacute;ch ly tại nh&agrave;.</li>\r\n	<li>Tu&acirc;n thủ c&aacute;c quy định tại khu vực phong tỏa.</li>\r\n</ol>\r\n\r\n<p><strong>Trung&nbsp;</strong><strong>t&acirc;m Kiểm so&aacute;t Bệnh tật TP.Hồ Ch&iacute; Minh (HCDC)</strong></p>', 'Coivd 19', 'coivid 19', 1, 'xetnghiemcovid92.jpg', '2021-07-16');

-- --------------------------------------------------------

--
-- Cấu trúc bảng cho bảng `tbl_signup_blood`
--

CREATE TABLE `tbl_signup_blood` (
  `signup_blood_id` int(11) NOT NULL,
  `blood_donation_id` int(11) NOT NULL,
  `users_id` int(11) NOT NULL,
  `signup_blood_weight` int(11) NOT NULL,
  `signup_blood_height` int(11) NOT NULL,
  `signup_blood_landau` int(11) NOT NULL,
  `signup_blood_macbenh` int(11) NOT NULL,
  `signup_blood_sutcan` int(11) NOT NULL,
  `signup_blood_noihach` int(11) NOT NULL,
  `signup_blood_phauthuat` int(11) NOT NULL,
  `signup_blood_xamminh` int(11) NOT NULL,
  `signup_blood_duoctruyenmau` int(11) NOT NULL,
  `signup_blood_matuy` int(11) NOT NULL,
  `signup_blood_quanhe` int(11) NOT NULL,
  `signup_blood_cunggioi` int(11) NOT NULL,
  `signup_blood_vacxin` int(11) NOT NULL,
  `signup_blood_vungdich` int(11) NOT NULL,
  `signup_blood_bicum` int(11) NOT NULL,
  `signup_blood_khangsinh` int(11) NOT NULL,
  `signup_blood_chuarang` int(11) NOT NULL,
  `signup_blood_tantat` int(11) NOT NULL,
  `signup_blood_kinhnguyet` varchar(11) COLLATE utf8_unicode_ci DEFAULT NULL,
  `signup_blood_sinhcon` varchar(11) COLLATE utf8_unicode_ci DEFAULT NULL,
  `signup_blood_note` varchar(255) COLLATE utf8_unicode_ci DEFAULT NULL,
  `signup_blood_status` int(11) NOT NULL
) ENGINE=InnoDB DEFAULT CHARSET=utf8 COLLATE=utf8_unicode_ci;

--
-- Đang đổ dữ liệu cho bảng `tbl_signup_blood`
--

INSERT INTO `tbl_signup_blood` (`signup_blood_id`, `blood_donation_id`, `users_id`, `signup_blood_weight`, `signup_blood_height`, `signup_blood_landau`, `signup_blood_macbenh`, `signup_blood_sutcan`, `signup_blood_noihach`, `signup_blood_phauthuat`, `signup_blood_xamminh`, `signup_blood_duoctruyenmau`, `signup_blood_matuy`, `signup_blood_quanhe`, `signup_blood_cunggioi`, `signup_blood_vacxin`, `signup_blood_vungdich`, `signup_blood_bicum`, `signup_blood_khangsinh`, `signup_blood_chuarang`, `signup_blood_tantat`, `signup_blood_kinhnguyet`, `signup_blood_sinhcon`, `signup_blood_note`, `signup_blood_status`) VALUES
(3, 5, 5, 55, 155, 1, 0, 1, 0, 0, 0, 0, 0, 0, 0, 0, 0, 0, 0, 0, 0, '0', '0', 'Chúng tôi xin cảm ơn tấm lòng cao quý của bạn rất rất nhiều.', 1),
(4, 6, 4, 45, 160, 1, 0, 0, 0, 1, 0, 0, 0, 0, 0, 0, 0, 0, 0, 0, 0, '0', '0', 'Rất khâm phục tấm lòng của bạn', 1),
(5, 1, 3, 60, 175, 1, 0, 1, 0, 0, 0, 1, 0, 0, 0, 0, 0, 0, 0, 0, 0, '0', '0', 'Cảm bạn rất nhiều, mong bạn sẽ đến đúng giờ', 1),
(8, 1, 2, 70, 170, 1, 0, 0, 0, 0, 0, 0, 0, 0, 0, 0, 0, 0, 0, 0, 0, '0', '0', 'Cảm ơn bạn rất nhiều', 1),
(10, 1, 6, 45, 155, 1, 0, 0, 0, 0, 0, 0, 0, 0, 0, 0, 0, 0, 0, 0, 0, '0', '0', 'Cảm ơn tấm lòng của bạn, mong bạn sẽ đến đúng giờ', 1),
(11, 4, 7, 65, 168, 0, 0, 0, 0, 1, 0, 0, 0, 0, 0, 0, 0, 0, 0, 0, 0, '0', '0', 'Mong bạn sẽ đến đúng giờ. Chúng tôi xin cảm ơn tấm lòng cao quý của bạn rất rất nhiều.', 1),
(12, 6, 8, 45, 155, 1, 0, 0, 0, 0, 0, 0, 0, 0, 0, 0, 0, 0, 0, 0, 0, '0', '0', 'Chúng tôi xin cảm ơn tấm lòng cao quý của bạn rất rất nhiều.', 1),
(13, 3, 9, 70, 175, 0, 0, 0, 0, 0, 0, 0, 0, 0, 0, 0, 0, 0, 0, 0, 0, '0', '0', 'Chúng tôi xin cảm ơn tấm lòng cao quý của bạn rất rất nhiều.', 1),
(14, 3, 10, 50, 165, 1, 0, 0, 0, 0, 0, 0, 0, 0, 0, 0, 0, 0, 0, 0, 0, '0', '0', 'Chúng tôi xin cảm ơn tấm lòng cao quý của bạn rất rất nhiều.', 1),
(15, 3, 11, 45, 155, 0, 0, 0, 0, 0, 0, 0, 0, 0, 0, 0, 0, 0, 0, 0, 0, '0', '0', 'Chúng tôi xin cảm ơn tấm lòng cao quý của bạn rất rất nhiều.', 1),
(16, 1, 12, 56, 175, 1, 0, 0, 0, 0, 0, 0, 0, 0, 0, 0, 0, 0, 0, 0, 0, '0', '0', 'Chúng tôi xin cảm ơn tấm lòng cao quý của bạn rất rất nhiều. Mong bạn sẽ đến đúng giờ', 1),
(17, 1, 13, 45, 152, 0, 0, 0, 0, 0, 0, 0, 0, 0, 0, 0, 0, 0, 0, 0, 0, '0', '0', 'húng tôi xin cảm ơn tấm lòng cao quý của bạn rất rất nhiều.', 1),
(18, 1, 14, 75, 175, 1, 0, 0, 0, 0, 0, 0, 0, 0, 0, 0, 0, 0, 0, 0, 0, '0', '0', 'Chúng tôi xin cảm ơn tấm lòng cao quý của bạn rất rất nhiều. Mong bạn sẽ đến đúng giờ', 1),
(19, 1, 15, 68, 175, 1, 0, 0, 0, 0, 0, 0, 0, 0, 0, 0, 0, 0, 0, 0, 0, '0', '0', 'Chúng tôi xin cảm ơn tấm lòng cao quý của bạn rất rất nhiều. Mong bạn sẽ đến đúng giờ.', 1),
(20, 1, 16, 70, 175, 0, 0, 0, 0, 0, 0, 0, 0, 0, 0, 0, 0, 0, 0, 0, 0, '0', '0', 'Chúng tôi xin cảm ơn tấm lòng cao quý của bạn rất rất nhiều.', 1),
(21, 6, 17, 57, 160, 0, 0, 0, 0, 0, 0, 0, 0, 0, 0, 0, 0, 0, 0, 0, 0, '0', '0', NULL, 0),
(24, 7, 2, 70, 175, 1, 0, 0, 0, 0, 0, 0, 0, 0, 0, 0, 0, 0, 0, 0, 0, '', '', NULL, 0),
(26, 7, 18, 70, 170, 0, 0, 0, 0, 0, 0, 0, 0, 0, 0, 0, 0, 0, 0, 0, 0, '0', '0', 'Cảm ơn tấm lòng cao quý của bạn rất nhiều, mong bạn sẽ có mặt đúng giờ, cảm ơn...', 1),
(27, 1, 19, 45, 155, 0, 0, 0, 0, 0, 0, 0, 0, 0, 0, 0, 0, 0, 0, 0, 0, '0', '0', NULL, 1),
(30, 7, 19, 45, 170, 1, 0, 0, 0, 0, 0, 0, 0, 0, 0, 0, 0, 0, 0, 0, 0, '0', '0', NULL, 0);

-- --------------------------------------------------------

--
-- Cấu trúc bảng cho bảng `tbl_users`
--

CREATE TABLE `tbl_users` (
  `users_id` int(11) NOT NULL,
  `users_fullname` varchar(255) COLLATE utf8_unicode_ci NOT NULL,
  `users_name` varchar(255) COLLATE utf8_unicode_ci NOT NULL,
  `users_blood` varchar(255) COLLATE utf8_unicode_ci DEFAULT NULL,
  `users_email` varchar(255) COLLATE utf8_unicode_ci DEFAULT NULL,
  `users_phone` varchar(255) COLLATE utf8_unicode_ci NOT NULL,
  `users_cmnd` varchar(255) COLLATE utf8_unicode_ci NOT NULL,
  `users_password` varchar(255) COLLATE utf8_unicode_ci NOT NULL,
  `users_gender` int(11) NOT NULL,
  `users_date` date NOT NULL,
  `users_school` varchar(255) COLLATE utf8_unicode_ci DEFAULT NULL,
  `users_job` varchar(255) COLLATE utf8_unicode_ci DEFAULT NULL,
  `users_workplace` varchar(255) COLLATE utf8_unicode_ci DEFAULT NULL,
  `users_address` varchar(255) COLLATE utf8_unicode_ci NOT NULL
) ENGINE=InnoDB DEFAULT CHARSET=utf8 COLLATE=utf8_unicode_ci;

--
-- Đang đổ dữ liệu cho bảng `tbl_users`
--

INSERT INTO `tbl_users` (`users_id`, `users_fullname`, `users_name`, `users_blood`, `users_email`, `users_phone`, `users_cmnd`, `users_password`, `users_gender`, `users_date`, `users_school`, `users_job`, `users_workplace`, `users_address`) VALUES
(2, 'Ngô Kim Hoàng Minh', 'hoangminhcp10', 'A', 'hoangminhcp10@gmail.com', '0941314137', '225688674', 'c854efea48b4d98b382f89af12890aa6', 0, '2021-07-01', 'ĐH spkt Đà Nẵng', 'Sinh Viên', NULL, 'ĐakLak'),
(3, 'Phạm Hoàng Nam', 'hoangnam', 'B', 'nam@gmail.com', '0852413698', '225896321', 'e10adc3949ba59abbe56e057f20f883e', 1, '2021-07-09', 'THPT Buôn Hồ', 'Học Sinh', NULL, 'ĐakLak'),
(4, 'Nguyễn Thùy Linh', 'thuylinh', 'B', 'thuylinh@gmail.com', '0952314785', '225896314', 'e10adc3949ba59abbe56e057f20f883e', 1, '2021-07-01', 'ĐH spkt Đà Nẵng', 'Sinh Viên', NULL, 'Đà Nẵng'),
(5, 'Trần Tấn Trung', 'tantrung', 'B', 'tantrung@gmail.com', '0482963217', '225896314', 'e10adc3949ba59abbe56e057f20f883e', 0, '2000-01-11', 'ĐH spkt Đà Nẵng', 'Sinh Viên', NULL, 'Đà Nẵng'),
(6, 'Hoàng Thùy Linh', 'thuylinh68', 'B', 'hoangthuylinh@gmail.com', '0852634782', '225896321', 'e10adc3949ba59abbe56e057f20f883e', 1, '2000-02-03', 'ĐH spkt Đà Nẵng', 'Sinh Viên', NULL, 'Đà Nẵng'),
(7, 'Phí Đình Định', 'phidinhdinh', NULL, NULL, '0952417852', '225638741', 'e10adc3949ba59abbe56e057f20f883e', 0, '1998-02-18', NULL, 'Nhân Viên', 'CT TNHH Hùng Thuận', 'Hải Châu, Đà Nẵng'),
(8, 'Võ Thị Thư', 'vothu', 'O', 'VoThiThu@gmail.com', '0528963471', '225896321', 'e10adc3949ba59abbe56e057f20f883e', 1, '2000-07-21', 'ĐH Sư Phạm Đà Nẵng', 'Sinh Viên', NULL, 'Đà Nẵng'),
(9, 'Nguyễn Văn Nam', 'vannam25051997', 'O', 'vannam255@gmail.com', '0985263147', '225963781', 'e10adc3949ba59abbe56e057f20f883e', 0, '1999-09-09', 'ĐH Sư Phạm Kỹ Thuật Đà Nẵng', 'Sinh Viên', NULL, 'Đà Nẵng'),
(10, 'Nguyễn Thị Nga', 'nguyenthinga', 'O', 'nguyenthinga@gmail.com', '0896321475', '225963147', 'e10adc3949ba59abbe56e057f20f883e', 1, '2000-06-21', NULL, 'Nhân Viên IT', 'CTy EMC', 'Đà Nẵng'),
(11, 'Vũ Xuân Quỳnh', 'xuanquynhnm', 'AB', 'vuxuanquynh@gmail.com', '05217896341', '225896314', 'e10adc3949ba59abbe56e057f20f883e', 1, '2002-10-23', 'ĐH Sư Phạm Kỹ Thuật Đà Nẵng', 'Sinh Viên', NULL, 'Hải Châu, Đà Nẵng'),
(12, 'Huỳnh Sinh', 'huynhsinh', 'B', 'huynhsinh@gmail.com', '052874123', '225963148', 'e10adc3949ba59abbe56e057f20f883e', 0, '2000-10-11', 'ĐH Sư Phạm Kỹ Thuật Đà Nẵng', 'Sinh Viên', NULL, 'Đà Nẵng'),
(13, 'Chung Hân Linh', 'hanlinh67', 'AB', 'hanlinh@gmail.com', '0947852631', '225639874', 'e10adc3949ba59abbe56e057f20f883e', 1, '2021-07-15', 'Trường đại học sư phạm Đà Nẵng', 'Sinh Viên', NULL, '67 Trần Cao Vân, Đà Nẵng'),
(14, 'Tôn Thất Bảo', 'tonthatbao2205', 'AB', 'tonthatbao@gmail.com', '0852631481', '225963874', 'e10adc3949ba59abbe56e057f20f883e', 0, '1996-03-14', NULL, 'Nhân Viên', 'CTY Fumart', '45 Đinh Tiên Hoàng, Đà Nẵng'),
(15, 'Phạm Toàn Thắng', 'thang34', 'O', 'phamtoanthang@gmail.com', '225896321', '225784136', 'e10adc3949ba59abbe56e057f20f883e', 0, '1993-05-11', NULL, 'Nhân Viên', 'CTy Toàn Thắng', '123 Đống Đa, Đà Nẵng'),
(16, 'Nguyễn Thị Kim Nguyệt', 'kimnguyet2107', 'O', 'kimnguyet@gmail.com', '0656166515', '225896324', 'e10adc3949ba59abbe56e057f20f883e', 1, '1993-02-23', NULL, 'Nội Trợ', NULL, '12 Lê Lợi, Đà Nẵng'),
(17, 'Nguyễn Tấn Hào', 'tanhao56', 'B', 'nguyentanhao@gmail.com', '0963547821', '225841753', 'e10adc3949ba59abbe56e057f20f883e', 0, '2000-06-21', 'ĐH Sư Phạm Kỹ Thuật Đà Nẵng', 'Sinh Viên', NULL, 'Đà Nẵng'),
(18, 'Ngô Kim Hoàng Nam', 'hoangnamnm68', NULL, 'hoangnam@gmail.com', '0852632147', '225963147', 'e10adc3949ba59abbe56e057f20f883e', 0, '2004-08-06', 'ĐH Sư Phạm Kỹ Thuật Đà Nẵng', 'Sinh Viên', NULL, 'Ông ích khiêm, Đà Nẵng'),
(19, 'Trần Kiều Trinh', 'kieutrinh', 'B', 'kieutrinh@gmail.com', '0852631478', '225963147', 'e10adc3949ba59abbe56e057f20f883e', 1, '2000-07-12', 'ĐH Sư Phạm Kỹ Thuật Đà Nẵng', 'Sinh Viên', NULL, 'Đà Nẵng');

-- --------------------------------------------------------

--
-- Cấu trúc bảng cho bảng `users`
--

CREATE TABLE `users` (
  `id` bigint(20) UNSIGNED NOT NULL,
  `name` varchar(255) COLLATE utf8mb4_unicode_ci NOT NULL,
  `email` varchar(255) COLLATE utf8mb4_unicode_ci NOT NULL,
  `email_verified_at` timestamp NULL DEFAULT NULL,
  `password` varchar(255) COLLATE utf8mb4_unicode_ci NOT NULL,
  `remember_token` varchar(100) COLLATE utf8mb4_unicode_ci DEFAULT NULL,
  `created_at` timestamp NULL DEFAULT NULL,
  `updated_at` timestamp NULL DEFAULT NULL
) ENGINE=InnoDB DEFAULT CHARSET=utf8mb4 COLLATE=utf8mb4_unicode_ci;

--
-- Chỉ mục cho các bảng đã đổ
--

--
-- Chỉ mục cho bảng `failed_jobs`
--
ALTER TABLE `failed_jobs`
  ADD PRIMARY KEY (`id`),
  ADD UNIQUE KEY `failed_jobs_uuid_unique` (`uuid`);

--
-- Chỉ mục cho bảng `migrations`
--
ALTER TABLE `migrations`
  ADD PRIMARY KEY (`id`);

--
-- Chỉ mục cho bảng `password_resets`
--
ALTER TABLE `password_resets`
  ADD KEY `password_resets_email_index` (`email`);

--
-- Chỉ mục cho bảng `tbl_admin`
--
ALTER TABLE `tbl_admin`
  ADD PRIMARY KEY (`admin_id`);

--
-- Chỉ mục cho bảng `tbl_blood_actual`
--
ALTER TABLE `tbl_blood_actual`
  ADD PRIMARY KEY (`blood_actual_id`),
  ADD KEY `signup_blood_id` (`signup_blood_id`);

--
-- Chỉ mục cho bảng `tbl_blood_donation`
--
ALTER TABLE `tbl_blood_donation`
  ADD PRIMARY KEY (`blood_donation_id`),
  ADD KEY `hospital_id` (`hospital_id`);

--
-- Chỉ mục cho bảng `tbl_category_news`
--
ALTER TABLE `tbl_category_news`
  ADD PRIMARY KEY (`category_news_id`);

--
-- Chỉ mục cho bảng `tbl_employee`
--
ALTER TABLE `tbl_employee`
  ADD PRIMARY KEY (`employee_id`),
  ADD KEY `hospital_id` (`hospital_id`);

--
-- Chỉ mục cho bảng `tbl_hospital`
--
ALTER TABLE `tbl_hospital`
  ADD PRIMARY KEY (`hospital_id`);

--
-- Chỉ mục cho bảng `tbl_news`
--
ALTER TABLE `tbl_news`
  ADD PRIMARY KEY (`news_id`),
  ADD KEY `category_news_id` (`category_news_id`);

--
-- Chỉ mục cho bảng `tbl_signup_blood`
--
ALTER TABLE `tbl_signup_blood`
  ADD PRIMARY KEY (`signup_blood_id`),
  ADD KEY `blood_donation_id` (`blood_donation_id`),
  ADD KEY `users_id` (`users_id`);

--
-- Chỉ mục cho bảng `tbl_users`
--
ALTER TABLE `tbl_users`
  ADD PRIMARY KEY (`users_id`);

--
-- Chỉ mục cho bảng `users`
--
ALTER TABLE `users`
  ADD PRIMARY KEY (`id`),
  ADD UNIQUE KEY `users_email_unique` (`email`);

--
-- AUTO_INCREMENT cho các bảng đã đổ
--

--
-- AUTO_INCREMENT cho bảng `failed_jobs`
--
ALTER TABLE `failed_jobs`
  MODIFY `id` bigint(20) UNSIGNED NOT NULL AUTO_INCREMENT;

--
-- AUTO_INCREMENT cho bảng `migrations`
--
ALTER TABLE `migrations`
  MODIFY `id` int(10) UNSIGNED NOT NULL AUTO_INCREMENT, AUTO_INCREMENT=7;

--
-- AUTO_INCREMENT cho bảng `tbl_admin`
--
ALTER TABLE `tbl_admin`
  MODIFY `admin_id` int(10) UNSIGNED NOT NULL AUTO_INCREMENT, AUTO_INCREMENT=3;

--
-- AUTO_INCREMENT cho bảng `tbl_blood_actual`
--
ALTER TABLE `tbl_blood_actual`
  MODIFY `blood_actual_id` int(11) NOT NULL AUTO_INCREMENT, AUTO_INCREMENT=20;

--
-- AUTO_INCREMENT cho bảng `tbl_blood_donation`
--
ALTER TABLE `tbl_blood_donation`
  MODIFY `blood_donation_id` int(11) NOT NULL AUTO_INCREMENT, AUTO_INCREMENT=9;

--
-- AUTO_INCREMENT cho bảng `tbl_category_news`
--
ALTER TABLE `tbl_category_news`
  MODIFY `category_news_id` int(11) NOT NULL AUTO_INCREMENT, AUTO_INCREMENT=7;

--
-- AUTO_INCREMENT cho bảng `tbl_employee`
--
ALTER TABLE `tbl_employee`
  MODIFY `employee_id` int(11) NOT NULL AUTO_INCREMENT, AUTO_INCREMENT=13;

--
-- AUTO_INCREMENT cho bảng `tbl_hospital`
--
ALTER TABLE `tbl_hospital`
  MODIFY `hospital_id` int(11) NOT NULL AUTO_INCREMENT, AUTO_INCREMENT=12;

--
-- AUTO_INCREMENT cho bảng `tbl_news`
--
ALTER TABLE `tbl_news`
  MODIFY `news_id` int(11) NOT NULL AUTO_INCREMENT, AUTO_INCREMENT=24;

--
-- AUTO_INCREMENT cho bảng `tbl_signup_blood`
--
ALTER TABLE `tbl_signup_blood`
  MODIFY `signup_blood_id` int(11) NOT NULL AUTO_INCREMENT, AUTO_INCREMENT=31;

--
-- AUTO_INCREMENT cho bảng `tbl_users`
--
ALTER TABLE `tbl_users`
  MODIFY `users_id` int(11) NOT NULL AUTO_INCREMENT, AUTO_INCREMENT=20;

--
-- AUTO_INCREMENT cho bảng `users`
--
ALTER TABLE `users`
  MODIFY `id` bigint(20) UNSIGNED NOT NULL AUTO_INCREMENT;

--
-- Các ràng buộc cho các bảng đã đổ
--

--
-- Các ràng buộc cho bảng `tbl_blood_actual`
--
ALTER TABLE `tbl_blood_actual`
  ADD CONSTRAINT `tbl_blood_actual_ibfk_1` FOREIGN KEY (`signup_blood_id`) REFERENCES `tbl_signup_blood` (`signup_blood_id`);

--
-- Các ràng buộc cho bảng `tbl_blood_donation`
--
ALTER TABLE `tbl_blood_donation`
  ADD CONSTRAINT `tbl_blood_donation_ibfk_1` FOREIGN KEY (`hospital_id`) REFERENCES `tbl_hospital` (`hospital_id`);

--
-- Các ràng buộc cho bảng `tbl_employee`
--
ALTER TABLE `tbl_employee`
  ADD CONSTRAINT `tbl_employee_ibfk_1` FOREIGN KEY (`hospital_id`) REFERENCES `tbl_hospital` (`hospital_id`);

--
-- Các ràng buộc cho bảng `tbl_news`
--
ALTER TABLE `tbl_news`
  ADD CONSTRAINT `tbl_news_ibfk_1` FOREIGN KEY (`category_news_id`) REFERENCES `tbl_category_news` (`category_news_id`);

--
-- Các ràng buộc cho bảng `tbl_signup_blood`
--
ALTER TABLE `tbl_signup_blood`
  ADD CONSTRAINT `tbl_signup_blood_ibfk_1` FOREIGN KEY (`blood_donation_id`) REFERENCES `tbl_blood_donation` (`blood_donation_id`),
  ADD CONSTRAINT `tbl_signup_blood_ibfk_2` FOREIGN KEY (`users_id`) REFERENCES `tbl_users` (`users_id`);
COMMIT;

/*!40101 SET CHARACTER_SET_CLIENT=@OLD_CHARACTER_SET_CLIENT */;
/*!40101 SET CHARACTER_SET_RESULTS=@OLD_CHARACTER_SET_RESULTS */;
/*!40101 SET COLLATION_CONNECTION=@OLD_COLLATION_CONNECTION */;
